DATAFLOW,LAST UPDATE,freq,reporter,partner,product,flow,indicators,TIME_PERIOD,OBS_VALUE
ESTAT:DS-045409(1.0),17/12/24 11:00:00,M,HU,EU27_2020_EXTRA,27112100,1,QUANTITY_IN_100KG,1999-01,5637087.31,
ESTAT:DS-045409(1.0),17/12/24 11:00:00,M,HU,EU27_2020_EXTRA,27112100,1,QUANTITY_IN_100KG,1999-02,6615235.57,
ESTAT:DS-045409(1.0),17/12/24 11:00:00,M,HU,EU27_2020_EXTRA,27112100,1,QUANTITY_IN_100KG,1999-03,6465861.62,
ESTAT:DS-045409(1.0),17/12/24 11:00:00,M,HU,EU27_2020_EXTRA,27112100,1,QUANTITY_IN_100KG,1999-04,6048103.52,
ESTAT:DS-045409(1.0),17/12/24 11:00:00,M,HU,EU27_2020_EXTRA,27112100,1,QUANTITY_IN_100KG,1999-05,6541673.86,
ESTAT:DS-045409(1.0),17/12/24 11:00:00,M,HU,EU27_2020_EXTRA,27112100,1,QUANTITY_IN_100KG,1999-06,8066714.54,
ESTAT:DS-045409(1.0),17/12/24 11:00:00,M,HU,EU27_2020_EXTRA,27112100,1,QUANTITY_IN_100KG,1999-07,5862388.74,
ESTAT:DS-045409(1.0),17/12/24 11:00:00,M,HU,EU27_2020_EXTRA,27112100,1,QUANTITY_IN_100KG,1999-08,6098438.13,
ESTAT:DS-045409(1.0),17/12/24 11:00:00,M,HU,EU27_2020_EXTRA,27112100,1,QUANTITY_IN_100KG,1999-09,6148805.06,
ESTAT:DS-045409(1.0),17/12/24 11:00:00,M,HU,EU27_2020_EXTRA,27112100,1,QUANTITY_IN_100KG,1999-10,5286201.61,
ESTAT:DS-045409(1.0),17/12/24 11:00:00,M,HU,EU27_2020_EXTRA,27112100,1,QUANTITY_IN_100KG,1999-11,4983663.79,
ESTAT:DS-045409(1.0),17/12/24 11:00:00,M,HU,EU27_2020_EXTRA,27112100,1,QUANTITY_IN_100KG,1999-12,4026651.93,
ESTAT:DS-045409(1.0),17/12/24 11:00:00,M,HU,EU27_2020_EXTRA,27112100,1,QUANTITY_IN_100KG,2000-01,4344958.66,
ESTAT:DS-045409(1.0),17/12/24 11:00:00,M,HU,EU27_2020_EXTRA,27112100,1,QUANTITY_IN_100KG,2000-02,5222547.92,
ESTAT:DS-045409(1.0),17/12/24 11:00:00,M,HU,EU27_2020_EXTRA,27112100,1,QUANTITY_IN_100KG,2000-03,4784756.72,
ESTAT:DS-045409(1.0),17/12/24 11:00:00,M,HU,EU27_2020_EXTRA,27112100,1,QUANTITY_IN_100KG,2000-04,4673628.54,
ESTAT:DS-045409(1.0),17/12/24 11:00:00,M,HU,EU27_2020_EXTRA,27112100,1,QUANTITY_IN_100KG,2000-05,4554519.35,
ESTAT:DS-045409(1.0),17/12/24 11:00:00,M,HU,EU27_2020_EXTRA,27112100,1,QUANTITY_IN_100KG,2000-06,4789664.30,
ESTAT:DS-045409(1.0),17/12/24 11:00:00,M,HU,EU27_2020_EXTRA,27112100,1,QUANTITY_IN_100KG,2000-07,4770530.03,
ESTAT:DS-045409(1.0),17/12/24 11:00:00,M,HU,EU27_2020_EXTRA,27112100,1,QUANTITY_IN_100KG,2000-08,4807491.54,
ESTAT:DS-045409(1.0),17/12/24 11:00:00,M,HU,EU27_2020_EXTRA,27112100,1,QUANTITY_IN_100KG,2000-09,4371970.35,
ESTAT:DS-045409(1.0),17/12/24 11:00:00,M,HU,EU27_2020_EXTRA,27112100,1,QUANTITY_IN_100KG,2000-10,5548927.47,
ESTAT:DS-045409(1.0),17/12/24 11:00:00,M,HU,EU27_2020_EXTRA,27112100,1,QUANTITY_IN_100KG,2000-11,3154084.82,
ESTAT:DS-045409(1.0),17/12/24 11:00:00,M,HU,EU27_2020_EXTRA,27112100,1,QUANTITY_IN_100KG,2000-12,4216589.65,
ESTAT:DS-045409(1.0),17/12/24 11:00:00,M,HU,EU27_2020_EXTRA,27112100,1,QUANTITY_IN_100KG,2001-01,4961141.94,
ESTAT:DS-045409(1.0),17/12/24 11:00:00,M,HU,EU27_2020_EXTRA,27112100,1,QUANTITY_IN_100KG,2001-02,4596114.75,
ESTAT:DS-045409(1.0),17/12/24 11:00:00,M,HU,EU27_2020_EXTRA,27112100,1,QUANTITY_IN_100KG,2001-03,4159903.55,
ESTAT:DS-045409(1.0),17/12/24 11:00:00,M,HU,EU27_2020_EXTRA,27112100,1,QUANTITY_IN_100KG,2001-04,4503255.95,
ESTAT:DS-045409(1.0),17/12/24 11:00:00,M,HU,EU27_2020_EXTRA,27112100,1,QUANTITY_IN_100KG,2001-05,4517480.37,
ESTAT:DS-045409(1.0),17/12/24 11:00:00,M,HU,EU27_2020_EXTRA,27112100,1,QUANTITY_IN_100KG,2001-06,4702654.38,
ESTAT:DS-045409(1.0),17/12/24 11:00:00,M,HU,EU27_2020_EXTRA,27112100,1,QUANTITY_IN_100KG,2001-07,4382959.64,
ESTAT:DS-045409(1.0),17/12/24 11:00:00,M,HU,EU27_2020_EXTRA,27112100,1,QUANTITY_IN_100KG,2001-08,5004175.77,
ESTAT:DS-045409(1.0),17/12/24 11:00:00,M,HU,EU27_2020_EXTRA,27112100,1,QUANTITY_IN_100KG,2001-09,4993451.52,
ESTAT:DS-045409(1.0),17/12/24 11:00:00,M,HU,EU27_2020_EXTRA,27112100,1,QUANTITY_IN_100KG,2001-10,4639246.03,
ESTAT:DS-045409(1.0),17/12/24 11:00:00,M,HU,EU27_2020_EXTRA,27112100,1,QUANTITY_IN_100KG,2001-11,3826852.09,
ESTAT:DS-045409(1.0),17/12/24 11:00:00,M,HU,EU27_2020_EXTRA,27112100,1,QUANTITY_IN_100KG,2001-12,4653123.90,
ESTAT:DS-045409(1.0),17/12/24 11:00:00,M,HU,EU27_2020_EXTRA,27112100,1,QUANTITY_IN_100KG,2002-01,6008109.43,
ESTAT:DS-045409(1.0),17/12/24 11:00:00,M,HU,EU27_2020_EXTRA,27112100,1,QUANTITY_IN_100KG,2002-02,6688742.92,
ESTAT:DS-045409(1.0),17/12/24 11:00:00,M,HU,EU27_2020_EXTRA,27112100,1,QUANTITY_IN_100KG,2002-03,5465409.35,
ESTAT:DS-045409(1.0),17/12/24 11:00:00,M,HU,EU27_2020_EXTRA,27112100,1,QUANTITY_IN_100KG,2002-04,4540953.75,
ESTAT:DS-045409(1.0),17/12/24 11:00:00,M,HU,EU27_2020_EXTRA,27112100,1,QUANTITY_IN_100KG,2002-05,5156619.55,
ESTAT:DS-045409(1.0),17/12/24 11:00:00,M,HU,EU27_2020_EXTRA,27112100,1,QUANTITY_IN_100KG,2002-06,5640649.21,
ESTAT:DS-045409(1.0),17/12/24 11:00:00,M,HU,EU27_2020_EXTRA,27112100,1,QUANTITY_IN_100KG,2002-07,5315162.66,
ESTAT:DS-045409(1.0),17/12/24 11:00:00,M,HU,EU27_2020_EXTRA,27112100,1,QUANTITY_IN_100KG,2002-08,5476488.97,
ESTAT:DS-045409(1.0),17/12/24 11:00:00,M,HU,EU27_2020_EXTRA,27112100,1,QUANTITY_IN_100KG,2002-09,5591502.89,
ESTAT:DS-045409(1.0),17/12/24 11:00:00,M,HU,EU27_2020_EXTRA,27112100,1,QUANTITY_IN_100KG,2002-10,5859788.60,
ESTAT:DS-045409(1.0),17/12/24 11:00:00,M,HU,EU27_2020_EXTRA,27112100,1,QUANTITY_IN_100KG,2002-11,4988503.60,
ESTAT:DS-045409(1.0),17/12/24 11:00:00,M,HU,EU27_2020_EXTRA,27112100,1,QUANTITY_IN_100KG,2002-12,4725928.09,
ESTAT:DS-045409(1.0),17/12/24 11:00:00,M,HU,EU27_2020_EXTRA,27112100,1,QUANTITY_IN_100KG,2003-01,6585972.33,
ESTAT:DS-045409(1.0),17/12/24 11:00:00,M,HU,EU27_2020_EXTRA,27112100,1,QUANTITY_IN_100KG,2003-02,6998638.40,
ESTAT:DS-045409(1.0),17/12/24 11:00:00,M,HU,EU27_2020_EXTRA,27112100,1,QUANTITY_IN_100KG,2003-03,6834326.64,
ESTAT:DS-045409(1.0),17/12/24 11:00:00,M,HU,EU27_2020_EXTRA,27112100,1,QUANTITY_IN_100KG,2003-04,7046895.08,
ESTAT:DS-045409(1.0),17/12/24 11:00:00,M,HU,EU27_2020_EXTRA,27112100,1,QUANTITY_IN_100KG,2003-05,6728907.03,
ESTAT:DS-045409(1.0),17/12/24 11:00:00,M,HU,EU27_2020_EXTRA,27112100,1,QUANTITY_IN_100KG,2003-06,7042842.26,
ESTAT:DS-045409(1.0),17/12/24 11:00:00,M,HU,EU27_2020_EXTRA,27112100,1,QUANTITY_IN_100KG,2003-07,6509597.04,
ESTAT:DS-045409(1.0),17/12/24 11:00:00,M,HU,EU27_2020_EXTRA,27112100,1,QUANTITY_IN_100KG,2003-08,6531391.17,
ESTAT:DS-045409(1.0),17/12/24 11:00:00,M,HU,EU27_2020_EXTRA,27112100,1,QUANTITY_IN_100KG,2003-09,6587981.49,
ESTAT:DS-045409(1.0),17/12/24 11:00:00,M,HU,EU27_2020_EXTRA,27112100,1,QUANTITY_IN_100KG,2003-10,5459991.47,
ESTAT:DS-045409(1.0),17/12/24 11:00:00,M,HU,EU27_2020_EXTRA,27112100,1,QUANTITY_IN_100KG,2003-11,5604981.82,
ESTAT:DS-045409(1.0),17/12/24 11:00:00,M,HU,EU27_2020_EXTRA,27112100,1,QUANTITY_IN_100KG,2003-12,4926394.74,
ESTAT:DS-045409(1.0),17/12/24 11:00:00,M,HU,EU27_2020_EXTRA,27112100,1,QUANTITY_IN_100KG,2004-01,6245690.15,
ESTAT:DS-045409(1.0),17/12/24 11:00:00,M,HU,EU27_2020_EXTRA,27112100,1,QUANTITY_IN_100KG,2004-02,6830439.56,
ESTAT:DS-045409(1.0),17/12/24 11:00:00,M,HU,EU27_2020_EXTRA,27112100,1,QUANTITY_IN_100KG,2004-03,5564629.22,
ESTAT:DS-045409(1.0),17/12/24 11:00:00,M,HU,EU27_2020_EXTRA,27112100,1,QUANTITY_IN_100KG,2004-04,5725857.55,
ESTAT:DS-045409(1.0),17/12/24 11:00:00,M,HU,EU27_2020_EXTRA,27112100,1,QUANTITY_IN_100KG,2004-05,4323920.00,
ESTAT:DS-045409(1.0),17/12/24 11:00:00,M,HU,EU27_2020_EXTRA,27112100,1,QUANTITY_IN_100KG,2004-06,7724361.00,
ESTAT:DS-045409(1.0),17/12/24 11:00:00,M,HU,EU27_2020_EXTRA,27112100,1,QUANTITY_IN_100KG,2004-07,6645044.00,
ESTAT:DS-045409(1.0),17/12/24 11:00:00,M,HU,EU27_2020_EXTRA,27112100,1,QUANTITY_IN_100KG,2004-08,6400318.00,
ESTAT:DS-045409(1.0),17/12/24 11:00:00,M,HU,EU27_2020_EXTRA,27112100,1,QUANTITY_IN_100KG,2004-09,6201042.00,
ESTAT:DS-045409(1.0),17/12/24 11:00:00,M,HU,EU27_2020_EXTRA,27112100,1,QUANTITY_IN_100KG,2004-10,4867024.00,
ESTAT:DS-045409(1.0),17/12/24 11:00:00,M,HU,EU27_2020_EXTRA,27112100,1,QUANTITY_IN_100KG,2004-11,4723566.00,
ESTAT:DS-045409(1.0),17/12/24 11:00:00,M,HU,EU27_2020_EXTRA,27112100,1,QUANTITY_IN_100KG,2004-12,6438662.00,
ESTAT:DS-045409(1.0),17/12/24 11:00:00,M,HU,EU27_2020_EXTRA,27112100,1,QUANTITY_IN_100KG,2005-01,7224170.00,
ESTAT:DS-045409(1.0),17/12/24 11:00:00,M,HU,EU27_2020_EXTRA,27112100,1,QUANTITY_IN_100KG,2005-02,6568056.00,
ESTAT:DS-045409(1.0),17/12/24 11:00:00,M,HU,EU27_2020_EXTRA,27112100,1,QUANTITY_IN_100KG,2005-03,6194973.00,
ESTAT:DS-045409(1.0),17/12/24 11:00:00,M,HU,EU27_2020_EXTRA,27112100,1,QUANTITY_IN_100KG,2005-04,6513791.00,
ESTAT:DS-045409(1.0),17/12/24 11:00:00,M,HU,EU27_2020_EXTRA,27112100,1,QUANTITY_IN_100KG,2005-05,4944934.00,
ESTAT:DS-045409(1.0),17/12/24 11:00:00,M,HU,EU27_2020_EXTRA,27112100,1,QUANTITY_IN_100KG,2005-06,7497037.00,
ESTAT:DS-045409(1.0),17/12/24 11:00:00,M,HU,EU27_2020_EXTRA,27112100,1,QUANTITY_IN_100KG,2005-07,6535916.00,
ESTAT:DS-045409(1.0),17/12/24 11:00:00,M,HU,EU27_2020_EXTRA,27112100,1,QUANTITY_IN_100KG,2005-08,6152595.00,
ESTAT:DS-045409(1.0),17/12/24 11:00:00,M,HU,EU27_2020_EXTRA,27112100,1,QUANTITY_IN_100KG,2005-09,6323479.00,
ESTAT:DS-045409(1.0),17/12/24 11:00:00,M,HU,EU27_2020_EXTRA,27112100,1,QUANTITY_IN_100KG,2005-10,5609541.00,
ESTAT:DS-045409(1.0),17/12/24 11:00:00,M,HU,EU27_2020_EXTRA,27112100,1,QUANTITY_IN_100KG,2005-11,4835417.00,
ESTAT:DS-045409(1.0),17/12/24 11:00:00,M,HU,EU27_2020_EXTRA,27112100,1,QUANTITY_IN_100KG,2005-12,6754381.00,
ESTAT:DS-045409(1.0),17/12/24 11:00:00,M,HU,EU27_2020_EXTRA,27112100,1,QUANTITY_IN_100KG,2006-01,7326154.00,
ESTAT:DS-045409(1.0),17/12/24 11:00:00,M,HU,EU27_2020_EXTRA,27112100,1,QUANTITY_IN_100KG,2006-02,6873465.00,
ESTAT:DS-045409(1.0),17/12/24 11:00:00,M,HU,EU27_2020_EXTRA,27112100,1,QUANTITY_IN_100KG,2006-03,6012513.00,
ESTAT:DS-045409(1.0),17/12/24 11:00:00,M,HU,EU27_2020_EXTRA,27112100,1,QUANTITY_IN_100KG,2006-04,5900443.00,
ESTAT:DS-045409(1.0),17/12/24 11:00:00,M,HU,EU27_2020_EXTRA,27112100,1,QUANTITY_IN_100KG,2006-05,4744265.00,
ESTAT:DS-045409(1.0),17/12/24 11:00:00,M,HU,EU27_2020_EXTRA,27112100,1,QUANTITY_IN_100KG,2006-06,7064499.00,
ESTAT:DS-045409(1.0),17/12/24 11:00:00,M,HU,EU27_2020_EXTRA,27112100,1,QUANTITY_IN_100KG,2006-07,6298007.00,
ESTAT:DS-045409(1.0),17/12/24 11:00:00,M,HU,EU27_2020_EXTRA,27112100,1,QUANTITY_IN_100KG,2006-08,6536739.00,
ESTAT:DS-045409(1.0),17/12/24 11:00:00,M,HU,EU27_2020_EXTRA,27112100,1,QUANTITY_IN_100KG,2006-09,5865583.00,
ESTAT:DS-045409(1.0),17/12/24 11:00:00,M,HU,EU27_2020_EXTRA,27112100,1,QUANTITY_IN_100KG,2006-10,5532605.00,
ESTAT:DS-045409(1.0),17/12/24 11:00:00,M,HU,EU27_2020_EXTRA,27112100,1,QUANTITY_IN_100KG,2006-11,5347129.00,
ESTAT:DS-045409(1.0),17/12/24 11:00:00,M,HU,EU27_2020_EXTRA,27112100,1,QUANTITY_IN_100KG,2006-12,5458384.00,
ESTAT:DS-045409(1.0),17/12/24 11:00:00,M,HU,EU27_2020_EXTRA,27112100,1,QUANTITY_IN_100KG,2007-01,7511407.00,
ESTAT:DS-045409(1.0),17/12/24 11:00:00,M,HU,EU27_2020_EXTRA,27112100,1,QUANTITY_IN_100KG,2007-02,6771467.00,
ESTAT:DS-045409(1.0),17/12/24 11:00:00,M,HU,EU27_2020_EXTRA,27112100,1,QUANTITY_IN_100KG,2007-03,5275094.00,
ESTAT:DS-045409(1.0),17/12/24 11:00:00,M,HU,EU27_2020_EXTRA,27112100,1,QUANTITY_IN_100KG,2007-04,4593419.00,
ESTAT:DS-045409(1.0),17/12/24 11:00:00,M,HU,EU27_2020_EXTRA,27112100,1,QUANTITY_IN_100KG,2007-05,6188157.00,
ESTAT:DS-045409(1.0),17/12/24 11:00:00,M,HU,EU27_2020_EXTRA,27112100,1,QUANTITY_IN_100KG,2007-06,4454484.00,
ESTAT:DS-045409(1.0),17/12/24 11:00:00,M,HU,EU27_2020_EXTRA,27112100,1,QUANTITY_IN_100KG,2007-07,4860611.00,
ESTAT:DS-045409(1.0),17/12/24 11:00:00,M,HU,EU27_2020_EXTRA,27112100,1,QUANTITY_IN_100KG,2007-08,5323220.00,
ESTAT:DS-045409(1.0),17/12/24 11:00:00,M,HU,EU27_2020_EXTRA,27112100,1,QUANTITY_IN_100KG,2007-09,4024015.00,
ESTAT:DS-045409(1.0),17/12/24 11:00:00,M,HU,EU27_2020_EXTRA,27112100,1,QUANTITY_IN_100KG,2007-10,5237124.00,
ESTAT:DS-045409(1.0),17/12/24 11:00:00,M,HU,EU27_2020_EXTRA,27112100,1,QUANTITY_IN_100KG,2007-11,5749354.00,
ESTAT:DS-045409(1.0),17/12/24 11:00:00,M,HU,EU27_2020_EXTRA,27112100,1,QUANTITY_IN_100KG,2007-12,6944987.00,
ESTAT:DS-045409(1.0),17/12/24 11:00:00,M,HU,EU27_2020_EXTRA,27112100,1,QUANTITY_IN_100KG,2008-01,7845202.00,
ESTAT:DS-045409(1.0),17/12/24 11:00:00,M,HU,EU27_2020_EXTRA,27112100,1,QUANTITY_IN_100KG,2008-02,7560849.00,
ESTAT:DS-045409(1.0),17/12/24 11:00:00,M,HU,EU27_2020_EXTRA,27112100,1,QUANTITY_IN_100KG,2008-03,6986565.00,
ESTAT:DS-045409(1.0),17/12/24 11:00:00,M,HU,EU27_2020_EXTRA,27112100,1,QUANTITY_IN_100KG,2008-04,7395012.00,
ESTAT:DS-045409(1.0),17/12/24 11:00:00,M,HU,EU27_2020_EXTRA,27112100,1,QUANTITY_IN_100KG,2008-05,6334073.00,
ESTAT:DS-045409(1.0),17/12/24 11:00:00,M,HU,EU27_2020_EXTRA,27112100,1,QUANTITY_IN_100KG,2008-06,8077314.00,
ESTAT:DS-045409(1.0),17/12/24 11:00:00,M,HU,EU27_2020_EXTRA,27112100,1,QUANTITY_IN_100KG,2008-07,7541937.00,
ESTAT:DS-045409(1.0),17/12/24 11:00:00,M,HU,EU27_2020_EXTRA,27112100,1,QUANTITY_IN_100KG,2008-08,4716239.00,
ESTAT:DS-045409(1.0),17/12/24 11:00:00,M,HU,EU27_2020_EXTRA,27112100,1,QUANTITY_IN_100KG,2008-09,5599212.00,
ESTAT:DS-045409(1.0),17/12/24 11:00:00,M,HU,EU27_2020_EXTRA,27112100,1,QUANTITY_IN_100KG,2008-10,6211966.00,
ESTAT:DS-045409(1.0),17/12/24 11:00:00,M,HU,EU27_2020_EXTRA,27112100,1,QUANTITY_IN_100KG,2008-11,5565216.00,
ESTAT:DS-045409(1.0),17/12/24 11:00:00,M,HU,EU27_2020_EXTRA,27112100,1,QUANTITY_IN_100KG,2008-12,6062016.00,
ESTAT:DS-045409(1.0),17/12/24 11:00:00,M,HU,EU27_2020_EXTRA,27112100,1,QUANTITY_IN_100KG,2009-01,7115523.00,
ESTAT:DS-045409(1.0),17/12/24 11:00:00,M,HU,EU27_2020_EXTRA,27112100,1,QUANTITY_IN_100KG,2009-02,3286025.00,
ESTAT:DS-045409(1.0),17/12/24 11:00:00,M,HU,EU27_2020_EXTRA,27112100,1,QUANTITY_IN_100KG,2009-03,3325609.00,
ESTAT:DS-045409(1.0),17/12/24 11:00:00,M,HU,EU27_2020_EXTRA,27112100,1,QUANTITY_IN_100KG,2009-04,1685759.00,
ESTAT:DS-045409(1.0),17/12/24 11:00:00,M,HU,EU27_2020_EXTRA,27112100,1,QUANTITY_IN_100KG,2009-05,1331909.00,
ESTAT:DS-045409(1.0),17/12/24 11:00:00,M,HU,EU27_2020_EXTRA,27112100,1,QUANTITY_IN_100KG,2009-06,2310061.00,
ESTAT:DS-045409(1.0),17/12/24 11:00:00,M,HU,EU27_2020_EXTRA,27112100,1,QUANTITY_IN_100KG,2009-07,3285523.00,
ESTAT:DS-045409(1.0),17/12/24 11:00:00,M,HU,EU27_2020_EXTRA,27112100,1,QUANTITY_IN_100KG,2009-08,4905400.00,
ESTAT:DS-045409(1.0),17/12/24 11:00:00,M,HU,EU27_2020_EXTRA,27112100,1,QUANTITY_IN_100KG,2009-09,5180019.00,
ESTAT:DS-045409(1.0),17/12/24 11:00:00,M,HU,EU27_2020_EXTRA,27112100,1,QUANTITY_IN_100KG,2009-10,5278622.00,
ESTAT:DS-045409(1.0),17/12/24 11:00:00,M,HU,EU27_2020_EXTRA,27112100,1,QUANTITY_IN_100KG,2009-11,7247466.00,
ESTAT:DS-045409(1.0),17/12/24 11:00:00,M,HU,EU27_2020_EXTRA,27112100,1,QUANTITY_IN_100KG,2009-12,7865287.00,
ESTAT:DS-045409(1.0),17/12/24 11:00:00,M,HU,EU27_2020_EXTRA,27112100,1,QUANTITY_IN_100KG,2010-01,7471535.10,
ESTAT:DS-045409(1.0),17/12/24 11:00:00,M,HU,EU27_2020_EXTRA,27112100,1,QUANTITY_IN_100KG,2010-02,5735526.32,
ESTAT:DS-045409(1.0),17/12/24 11:00:00,M,HU,EU27_2020_EXTRA,27112100,1,QUANTITY_IN_100KG,2010-03,5133584.03,
ESTAT:DS-045409(1.0),17/12/24 11:00:00,M,HU,EU27_2020_EXTRA,27112100,1,QUANTITY_IN_100KG,2010-04,4147427.79,
ESTAT:DS-045409(1.0),17/12/24 11:00:00,M,HU,EU27_2020_EXTRA,27112100,1,QUANTITY_IN_100KG,2010-05,3977018.92,
ESTAT:DS-045409(1.0),17/12/24 11:00:00,M,HU,EU27_2020_EXTRA,27112100,1,QUANTITY_IN_100KG,2010-06,3371169.43,
ESTAT:DS-045409(1.0),17/12/24 11:00:00,M,HU,EU27_2020_EXTRA,27112100,1,QUANTITY_IN_100KG,2010-07,2616205.48,
ESTAT:DS-045409(1.0),17/12/24 11:00:00,M,HU,EU27_2020_EXTRA,27112100,1,QUANTITY_IN_100KG,2010-08,2537244.07,
ESTAT:DS-045409(1.0),17/12/24 11:00:00,M,HU,EU27_2020_EXTRA,27112100,1,QUANTITY_IN_100KG,2010-09,3179600.54,
ESTAT:DS-045409(1.0),17/12/24 11:00:00,M,HU,EU27_2020_EXTRA,27112100,1,QUANTITY_IN_100KG,2010-10,4267762.14,
ESTAT:DS-045409(1.0),17/12/24 11:00:00,M,HU,EU27_2020_EXTRA,27112100,1,QUANTITY_IN_100KG,2010-11,3486045.82,
ESTAT:DS-045409(1.0),17/12/24 11:00:00,M,HU,EU27_2020_EXTRA,27112100,1,QUANTITY_IN_100KG,2010-12,4297999.17,
ESTAT:DS-045409(1.0),17/12/24 11:00:00,M,HU,EU27_2020_EXTRA,27112100,1,QUANTITY_IN_100KG,2011-01,5692384.10,
ESTAT:DS-045409(1.0),17/12/24 11:00:00,M,HU,EU27_2020_EXTRA,27112100,1,QUANTITY_IN_100KG,2011-02,2157981.44,
ESTAT:DS-045409(1.0),17/12/24 11:00:00,M,HU,EU27_2020_EXTRA,27112100,1,QUANTITY_IN_100KG,2011-03,3006495.67,
ESTAT:DS-045409(1.0),17/12/24 11:00:00,M,HU,EU27_2020_EXTRA,27112100,1,QUANTITY_IN_100KG,2011-04,3858822.81,
ESTAT:DS-045409(1.0),17/12/24 11:00:00,M,HU,EU27_2020_EXTRA,27112100,1,QUANTITY_IN_100KG,2011-05,3966723.39,
ESTAT:DS-045409(1.0),17/12/24 11:00:00,M,HU,EU27_2020_EXTRA,27112100,1,QUANTITY_IN_100KG,2011-06,4228125.33,
ESTAT:DS-045409(1.0),17/12/24 11:00:00,M,HU,EU27_2020_EXTRA,27112100,1,QUANTITY_IN_100KG,2011-07,3632999.61,
ESTAT:DS-045409(1.0),17/12/24 11:00:00,M,HU,EU27_2020_EXTRA,27112100,1,QUANTITY_IN_100KG,2011-08,3227871.15,
ESTAT:DS-045409(1.0),17/12/24 11:00:00,M,HU,EU27_2020_EXTRA,27112100,1,QUANTITY_IN_100KG,2011-09,3708865.77,
ESTAT:DS-045409(1.0),17/12/24 11:00:00,M,HU,EU27_2020_EXTRA,27112100,1,QUANTITY_IN_100KG,2011-10,4256242.85,
ESTAT:DS-045409(1.0),17/12/24 11:00:00,M,HU,EU27_2020_EXTRA,27112100,1,QUANTITY_IN_100KG,2011-11,3448432.77,
ESTAT:DS-045409(1.0),17/12/24 11:00:00,M,HU,EU27_2020_EXTRA,27112100,1,QUANTITY_IN_100KG,2011-12,3636818.95,
ESTAT:DS-045409(1.0),17/12/24 11:00:00,M,HU,EU27_2020_EXTRA,27112100,1,QUANTITY_IN_100KG,2012-01,4637617.25,
ESTAT:DS-045409(1.0),17/12/24 11:00:00,M,HU,EU27_2020_EXTRA,27112100,1,QUANTITY_IN_100KG,2012-02,2904935.34,
ESTAT:DS-045409(1.0),17/12/24 11:00:00,M,HU,EU27_2020_EXTRA,27112100,1,QUANTITY_IN_100KG,2012-03,3359684.77,
ESTAT:DS-045409(1.0),17/12/24 11:00:00,M,HU,EU27_2020_EXTRA,27112100,1,QUANTITY_IN_100KG,2012-04,2694905.40,
ESTAT:DS-045409(1.0),17/12/24 11:00:00,M,HU,EU27_2020_EXTRA,27112100,1,QUANTITY_IN_100KG,2012-05,3532365.08,
ESTAT:DS-045409(1.0),17/12/24 11:00:00,M,HU,EU27_2020_EXTRA,27112100,1,QUANTITY_IN_100KG,2012-06,3066803.16,
ESTAT:DS-045409(1.0),17/12/24 11:00:00,M,HU,EU27_2020_EXTRA,27112100,1,QUANTITY_IN_100KG,2012-07,3352982.14,
ESTAT:DS-045409(1.0),17/12/24 11:00:00,M,HU,EU27_2020_EXTRA,27112100,1,QUANTITY_IN_100KG,2012-08,2611686.80,
ESTAT:DS-045409(1.0),17/12/24 11:00:00,M,HU,EU27_2020_EXTRA,27112100,1,QUANTITY_IN_100KG,2012-09,2257732.28,
ESTAT:DS-045409(1.0),17/12/24 11:00:00,M,HU,EU27_2020_EXTRA,27112100,1,QUANTITY_IN_100KG,2012-10,2681483.57,
ESTAT:DS-045409(1.0),17/12/24 11:00:00,M,HU,EU27_2020_EXTRA,27112100,1,QUANTITY_IN_100KG,2012-11,2592952.67,
ESTAT:DS-045409(1.0),17/12/24 11:00:00,M,HU,EU27_2020_EXTRA,27112100,1,QUANTITY_IN_100KG,2012-12,3724008.15,
ESTAT:DS-045409(1.0),17/12/24 11:00:00,M,HU,EU27_2020_EXTRA,27112100,1,QUANTITY_IN_100KG,2013-01,4869726.14,
ESTAT:DS-045409(1.0),17/12/24 11:00:00,M,HU,EU27_2020_EXTRA,27112100,1,QUANTITY_IN_100KG,2013-02,3669438.58,
ESTAT:DS-045409(1.0),17/12/24 11:00:00,M,HU,EU27_2020_EXTRA,27112100,1,QUANTITY_IN_100KG,2013-03,3470374.77,
ESTAT:DS-045409(1.0),17/12/24 11:00:00,M,HU,EU27_2020_EXTRA,27112100,1,QUANTITY_IN_100KG,2013-04,3181679.70,
ESTAT:DS-045409(1.0),17/12/24 11:00:00,M,HU,EU27_2020_EXTRA,27112100,1,QUANTITY_IN_100KG,2013-05,3769749.79,
ESTAT:DS-045409(1.0),17/12/24 11:00:00,M,HU,EU27_2020_EXTRA,27112100,1,QUANTITY_IN_100KG,2013-06,3744882.87,
ESTAT:DS-045409(1.0),17/12/24 11:00:00,M,HU,EU27_2020_EXTRA,27112100,1,QUANTITY_IN_100KG,2013-07,3675519.36,
ESTAT:DS-045409(1.0),17/12/24 11:00:00,M,HU,EU27_2020_EXTRA,27112100,1,QUANTITY_IN_100KG,2013-08,3379118.39,
ESTAT:DS-045409(1.0),17/12/24 11:00:00,M,HU,EU27_2020_EXTRA,27112100,1,QUANTITY_IN_100KG,2013-09,2469075.20,
ESTAT:DS-045409(1.0),17/12/24 11:00:00,M,HU,EU27_2020_EXTRA,27112100,1,QUANTITY_IN_100KG,2013-10,4513519.40,
ESTAT:DS-045409(1.0),17/12/24 11:00:00,M,HU,EU27_2020_EXTRA,27112100,1,QUANTITY_IN_100KG,2013-11,3746392.88,
ESTAT:DS-045409(1.0),17/12/24 11:00:00,M,HU,EU27_2020_EXTRA,27112100,1,QUANTITY_IN_100KG,2013-12,3925531.79,
ESTAT:DS-045409(1.0),17/12/24 11:00:00,M,HU,EU27_2020_EXTRA,27112100,1,QUANTITY_IN_100KG,2014-01,3555662.97,
ESTAT:DS-045409(1.0),17/12/24 11:00:00,M,HU,EU27_2020_EXTRA,27112100,1,QUANTITY_IN_100KG,2014-02,3643856.53,
ESTAT:DS-045409(1.0),17/12/24 11:00:00,M,HU,EU27_2020_EXTRA,27112100,1,QUANTITY_IN_100KG,2014-03,3564627.99,
ESTAT:DS-045409(1.0),17/12/24 11:00:00,M,HU,EU27_2020_EXTRA,27112100,1,QUANTITY_IN_100KG,2014-04,3378305.72,
ESTAT:DS-045409(1.0),17/12/24 11:00:00,M,HU,EU27_2020_EXTRA,27112100,1,QUANTITY_IN_100KG,2014-05,4345271.83,
ESTAT:DS-045409(1.0),17/12/24 11:00:00,M,HU,EU27_2020_EXTRA,27112100,1,QUANTITY_IN_100KG,2014-06,4211987.32,
ESTAT:DS-045409(1.0),17/12/24 11:00:00,M,HU,EU27_2020_EXTRA,27112100,1,QUANTITY_IN_100KG,2014-07,4056310.83,
ESTAT:DS-045409(1.0),17/12/24 11:00:00,M,HU,EU27_2020_EXTRA,27112100,1,QUANTITY_IN_100KG,2014-08,3958903.94,
ESTAT:DS-045409(1.0),17/12/24 11:00:00,M,HU,EU27_2020_EXTRA,27112100,1,QUANTITY_IN_100KG,2014-09,3889291.37,
ESTAT:DS-045409(1.0),17/12/24 11:00:00,M,HU,EU27_2020_EXTRA,27112100,1,QUANTITY_IN_100KG,2014-10,3663331.86,
ESTAT:DS-045409(1.0),17/12/24 11:00:00,M,HU,EU27_2020_EXTRA,27112100,1,QUANTITY_IN_100KG,2014-11,3152880.26,
ESTAT:DS-045409(1.0),17/12/24 11:00:00,M,HU,EU27_2020_EXTRA,27112100,1,QUANTITY_IN_100KG,2014-12,7094268.15,
ESTAT:DS-045409(1.0),17/12/24 11:00:00,M,HU,EU27_2020_EXTRA,27112100,1,QUANTITY_IN_100KG,2015-01,2206108.64,
ESTAT:DS-045409(1.0),17/12/24 11:00:00,M,HU,EU27_2020_EXTRA,27112100,1,QUANTITY_IN_100KG,2015-02,2135442.98,
ESTAT:DS-045409(1.0),17/12/24 11:00:00,M,HU,EU27_2020_EXTRA,27112100,1,QUANTITY_IN_100KG,2015-03,1551799.24,
ESTAT:DS-045409(1.0),17/12/24 11:00:00,M,HU,EU27_2020_EXTRA,27112100,1,QUANTITY_IN_100KG,2015-04,1313563.75,
ESTAT:DS-045409(1.0),17/12/24 11:00:00,M,HU,EU27_2020_EXTRA,27112100,1,QUANTITY_IN_100KG,2015-05,2948589.53,
ESTAT:DS-045409(1.0),17/12/24 11:00:00,M,HU,EU27_2020_EXTRA,27112100,1,QUANTITY_IN_100KG,2015-06,3304388.99,
ESTAT:DS-045409(1.0),17/12/24 11:00:00,M,HU,EU27_2020_EXTRA,27112100,1,QUANTITY_IN_100KG,2015-07,3351737.60,
ESTAT:DS-045409(1.0),17/12/24 11:00:00,M,HU,EU27_2020_EXTRA,27112100,1,QUANTITY_IN_100KG,2015-08,3762799.68,
ESTAT:DS-045409(1.0),17/12/24 11:00:00,M,HU,EU27_2020_EXTRA,27112100,1,QUANTITY_IN_100KG,2015-09,4796937.00,
ESTAT:DS-045409(1.0),17/12/24 11:00:00,M,HU,EU27_2020_EXTRA,27112100,1,QUANTITY_IN_100KG,2015-10,4137590.88,
ESTAT:DS-045409(1.0),17/12/24 11:00:00,M,HU,EU27_2020_EXTRA,27112100,1,QUANTITY_IN_100KG,2015-11,4892724.34,
ESTAT:DS-045409(1.0),17/12/24 11:00:00,M,HU,EU27_2020_EXTRA,27112100,1,QUANTITY_IN_100KG,2015-12,2865738.96,
ESTAT:DS-045409(1.0),17/12/24 11:00:00,M,HU,EU27_2020_EXTRA,27112100,1,QUANTITY_IN_100KG,2016-01,2982291.85,
ESTAT:DS-045409(1.0),17/12/24 11:00:00,M,HU,EU27_2020_EXTRA,27112100,1,QUANTITY_IN_100KG,2016-02,1779609.82,
ESTAT:DS-045409(1.0),17/12/24 11:00:00,M,HU,EU27_2020_EXTRA,27112100,1,QUANTITY_IN_100KG,2016-03,2178558.58,
ESTAT:DS-045409(1.0),17/12/24 11:00:00,M,HU,EU27_2020_EXTRA,27112100,1,QUANTITY_IN_100KG,2016-04,2053146.51,
ESTAT:DS-045409(1.0),17/12/24 11:00:00,M,HU,EU27_2020_EXTRA,27112100,1,QUANTITY_IN_100KG,2016-05,1972884.70,
ESTAT:DS-045409(1.0),17/12/24 11:00:00,M,HU,EU27_2020_EXTRA,27112100,1,QUANTITY_IN_100KG,2016-06,3126513.35,
ESTAT:DS-045409(1.0),17/12/24 11:00:00,M,HU,EU27_2020_EXTRA,27112100,1,QUANTITY_IN_100KG,2016-07,3021932.51,
ESTAT:DS-045409(1.0),17/12/24 11:00:00,M,HU,EU27_2020_EXTRA,27112100,1,QUANTITY_IN_100KG,2016-08,3809951.34,
ESTAT:DS-045409(1.0),17/12/24 11:00:00,M,HU,EU27_2020_EXTRA,27112100,1,QUANTITY_IN_100KG,2016-09,3661155.57,
ESTAT:DS-045409(1.0),17/12/24 11:00:00,M,HU,EU27_2020_EXTRA,27112100,1,QUANTITY_IN_100KG,2016-10,3706796.87,
ESTAT:DS-045409(1.0),17/12/24 11:00:00,M,HU,EU27_2020_EXTRA,27112100,1,QUANTITY_IN_100KG,2016-11,2296470.96,
ESTAT:DS-045409(1.0),17/12/24 11:00:00,M,HU,EU27_2020_EXTRA,27112100,1,QUANTITY_IN_100KG,2016-12,3369235.81,
ESTAT:DS-045409(1.0),17/12/24 11:00:00,M,HU,EU27_2020_EXTRA,27112100,1,QUANTITY_IN_100KG,2017-01,2836025.89,
ESTAT:DS-045409(1.0),17/12/24 11:00:00,M,HU,EU27_2020_EXTRA,27112100,1,QUANTITY_IN_100KG,2017-02,5141119.24,
ESTAT:DS-045409(1.0),17/12/24 11:00:00,M,HU,EU27_2020_EXTRA,27112100,1,QUANTITY_IN_100KG,2017-03,5042012.81,
ESTAT:DS-045409(1.0),17/12/24 11:00:00,M,HU,EU27_2020_EXTRA,27112100,1,QUANTITY_IN_100KG,2017-04,2511144.91,
ESTAT:DS-045409(1.0),17/12/24 11:00:00,M,HU,EU27_2020_EXTRA,27112100,1,QUANTITY_IN_100KG,2017-05,5347000.01,
ESTAT:DS-045409(1.0),17/12/24 11:00:00,M,HU,EU27_2020_EXTRA,27112100,1,QUANTITY_IN_100KG,2017-06,3784922.13,
ESTAT:DS-045409(1.0),17/12/24 11:00:00,M,HU,EU27_2020_EXTRA,27112100,1,QUANTITY_IN_100KG,2017-07,4205062.71,
ESTAT:DS-045409(1.0),17/12/24 11:00:00,M,HU,EU27_2020_EXTRA,27112100,1,QUANTITY_IN_100KG,2017-08,5835526.93,
ESTAT:DS-045409(1.0),17/12/24 11:00:00,M,HU,EU27_2020_EXTRA,27112100,1,QUANTITY_IN_100KG,2017-09,7899960.19,
ESTAT:DS-045409(1.0),17/12/24 11:00:00,M,HU,EU27_2020_EXTRA,27112100,1,QUANTITY_IN_100KG,2017-10,8278767.15,
ESTAT:DS-045409(1.0),17/12/24 11:00:00,M,HU,EU27_2020_EXTRA,27112100,1,QUANTITY_IN_100KG,2017-11,4505614.44,
ESTAT:DS-045409(1.0),17/12/24 11:00:00,M,HU,EU27_2020_EXTRA,27112100,1,QUANTITY_IN_100KG,2017-12,4436337.03,
ESTAT:DS-045409(1.0),17/12/24 11:00:00,M,HU,EU27_2020_EXTRA,27112100,1,QUANTITY_IN_100KG,2018-01,5906828.67,
ESTAT:DS-045409(1.0),17/12/24 11:00:00,M,HU,EU27_2020_EXTRA,27112100,1,QUANTITY_IN_100KG,2018-02,3711986.61,
ESTAT:DS-045409(1.0),17/12/24 11:00:00,M,HU,EU27_2020_EXTRA,27112100,1,QUANTITY_IN_100KG,2018-03,3823611.38,
ESTAT:DS-045409(1.0),17/12/24 11:00:00,M,HU,EU27_2020_EXTRA,27112100,1,QUANTITY_IN_100KG,2018-04,7333997.58,
ESTAT:DS-045409(1.0),17/12/24 11:00:00,M,HU,EU27_2020_EXTRA,27112100,1,QUANTITY_IN_100KG,2018-05,5439486.89,
ESTAT:DS-045409(1.0),17/12/24 11:00:00,M,HU,EU27_2020_EXTRA,27112100,1,QUANTITY_IN_100KG,2018-06,6522664.85,
ESTAT:DS-045409(1.0),17/12/24 11:00:00,M,HU,EU27_2020_EXTRA,27112100,1,QUANTITY_IN_100KG,2018-07,6715671.59,
ESTAT:DS-045409(1.0),17/12/24 11:00:00,M,HU,EU27_2020_EXTRA,27112100,1,QUANTITY_IN_100KG,2018-08,5703669.52,
ESTAT:DS-045409(1.0),17/12/24 11:00:00,M,HU,EU27_2020_EXTRA,27112100,1,QUANTITY_IN_100KG,2018-09,9447216.80,
ESTAT:DS-045409(1.0),17/12/24 11:00:00,M,HU,EU27_2020_EXTRA,27112100,1,QUANTITY_IN_100KG,2018-10,6960493.80,
ESTAT:DS-045409(1.0),17/12/24 11:00:00,M,HU,EU27_2020_EXTRA,27112100,1,QUANTITY_IN_100KG,2018-11,4942096.36,
ESTAT:DS-045409(1.0),17/12/24 11:00:00,M,HU,EU27_2020_EXTRA,27112100,1,QUANTITY_IN_100KG,2018-12,4043714.47,
ESTAT:DS-045409(1.0),17/12/24 11:00:00,M,HU,EU27_2020_EXTRA,27112100,1,QUANTITY_IN_100KG,2019-01,4590088.46,
ESTAT:DS-045409(1.0),17/12/24 11:00:00,M,HU,EU27_2020_EXTRA,27112100,1,QUANTITY_IN_100KG,2019-02,3837266.54,
ESTAT:DS-045409(1.0),17/12/24 11:00:00,M,HU,EU27_2020_EXTRA,27112100,1,QUANTITY_IN_100KG,2019-03,4138367.61,
ESTAT:DS-045409(1.0),17/12/24 11:00:00,M,HU,EU27_2020_EXTRA,27112100,1,QUANTITY_IN_100KG,2019-04,6412920.07,
ESTAT:DS-045409(1.0),17/12/24 11:00:00,M,HU,EU27_2020_EXTRA,27112100,1,QUANTITY_IN_100KG,2019-05,9253750.24,
ESTAT:DS-045409(1.0),17/12/24 11:00:00,M,HU,EU27_2020_EXTRA,27112100,1,QUANTITY_IN_100KG,2019-06,10576897.98,
ESTAT:DS-045409(1.0),17/12/24 11:00:00,M,HU,EU27_2020_EXTRA,27112100,1,QUANTITY_IN_100KG,2019-07,10540052.40,
ESTAT:DS-045409(1.0),17/12/24 11:00:00,M,HU,EU27_2020_EXTRA,27112100,1,QUANTITY_IN_100KG,2019-08,8351680.30,
ESTAT:DS-045409(1.0),17/12/24 11:00:00,M,HU,EU27_2020_EXTRA,27112100,1,QUANTITY_IN_100KG,2019-09,9742022.65,
ESTAT:DS-045409(1.0),17/12/24 11:00:00,M,HU,EU27_2020_EXTRA,27112100,1,QUANTITY_IN_100KG,2019-10,7625222.28,
ESTAT:DS-045409(1.0),17/12/24 11:00:00,M,HU,EU27_2020_EXTRA,27112100,1,QUANTITY_IN_100KG,2019-11,5379599.50,
ESTAT:DS-045409(1.0),17/12/24 11:00:00,M,HU,EU27_2020_EXTRA,27112100,1,QUANTITY_IN_100KG,2019-12,4782770.72,
ESTAT:DS-045409(1.0),17/12/24 11:00:00,M,HU,EU27_2020_EXTRA,27112100,1,QUANTITY_IN_100KG,2020-01,6173854.68,
ESTAT:DS-045409(1.0),17/12/24 11:00:00,M,HU,EU27_2020_EXTRA,27112100,1,QUANTITY_IN_100KG,2020-02,1055105.38,
ESTAT:DS-045409(1.0),17/12/24 11:00:00,M,HU,EU27_2020_EXTRA,27112100,1,QUANTITY_IN_100KG,2020-03,2174553.28,
ESTAT:DS-045409(1.0),17/12/24 11:00:00,M,HU,EU27_2020_EXTRA,27112100,1,QUANTITY_IN_100KG,2020-04,4082438.60,
ESTAT:DS-045409(1.0),17/12/24 11:00:00,M,HU,EU27_2020_EXTRA,27112100,1,QUANTITY_IN_100KG,2020-05,4460568.12,
ESTAT:DS-045409(1.0),17/12/24 11:00:00,M,HU,EU27_2020_EXTRA,27112100,1,QUANTITY_IN_100KG,2020-06,7270411.47,
ESTAT:DS-045409(1.0),17/12/24 11:00:00,M,HU,EU27_2020_EXTRA,27112100,1,QUANTITY_IN_100KG,2020-07,6159618.23,
ESTAT:DS-045409(1.0),17/12/24 11:00:00,M,HU,EU27_2020_EXTRA,27112100,1,QUANTITY_IN_100KG,2020-08,5591391.50,
ESTAT:DS-045409(1.0),17/12/24 11:00:00,M,HU,EU27_2020_EXTRA,27112100,1,QUANTITY_IN_100KG,2020-09,6442125.64,
ESTAT:DS-045409(1.0),17/12/24 11:00:00,M,HU,EU27_2020_EXTRA,27112100,1,QUANTITY_IN_100KG,2020-10,6350662.70,
ESTAT:DS-045409(1.0),17/12/24 11:00:00,M,HU,EU27_2020_EXTRA,27112100,1,QUANTITY_IN_100KG,2020-11,8235713.71,
ESTAT:DS-045409(1.0),17/12/24 11:00:00,M,HU,EU27_2020_EXTRA,27112100,1,QUANTITY_IN_100KG,2020-12,5545353.37,
ESTAT:DS-045409(1.0),17/12/24 11:00:00,M,HU,EU27_2020_EXTRA,27112100,1,QUANTITY_IN_100KG,2021-01,6285217.24,
ESTAT:DS-045409(1.0),17/12/24 11:00:00,M,HU,EU27_2020_EXTRA,27112100,1,QUANTITY_IN_100KG,2021-02,6456884.62,
ESTAT:DS-045409(1.0),17/12/24 11:00:00,M,HU,EU27_2020_EXTRA,27112100,1,QUANTITY_IN_100KG,2021-03,6740886.35,
ESTAT:DS-045409(1.0),17/12/24 11:00:00,M,HU,EU27_2020_EXTRA,27112100,1,QUANTITY_IN_100KG,2021-04,6114224.21,
ESTAT:DS-045409(1.0),17/12/24 11:00:00,M,HU,EU27_2020_EXTRA,27112100,1,QUANTITY_IN_100KG,2021-05,6039149.17,
ESTAT:DS-045409(1.0),17/12/24 11:00:00,M,HU,EU27_2020_EXTRA,27112100,1,QUANTITY_IN_100KG,2021-06,5619451.30,
ESTAT:DS-045409(1.0),17/12/24 11:00:00,M,HU,EU27_2020_EXTRA,27112100,1,QUANTITY_IN_100KG,2021-07,5591340.12,
ESTAT:DS-045409(1.0),17/12/24 11:00:00,M,HU,EU27_2020_EXTRA,27112100,1,QUANTITY_IN_100KG,2021-08,6485515.45,
ESTAT:DS-045409(1.0),17/12/24 11:00:00,M,HU,EU27_2020_EXTRA,27112100,1,QUANTITY_IN_100KG,2021-09,5831116.31,
ESTAT:DS-045409(1.0),17/12/24 11:00:00,M,HU,EU27_2020_EXTRA,27112100,1,QUANTITY_IN_100KG,2021-10,6632947.06,
ESTAT:DS-045409(1.0),17/12/24 11:00:00,M,HU,EU27_2020_EXTRA,27112100,1,QUANTITY_IN_100KG,2021-11,2967842.10,
ESTAT:DS-045409(1.0),17/12/24 11:00:00,M,HU,EU27_2020_EXTRA,27112100,1,QUANTITY_IN_100KG,2021-12,2847914.14,
ESTAT:DS-045409(1.0),17/12/24 11:00:00,M,HU,EU27_2020_EXTRA,27112100,1,QUANTITY_IN_100KG,2022-01,2510191.00,
ESTAT:DS-045409(1.0),17/12/24 11:00:00,M,HU,EU27_2020_EXTRA,27112100,1,QUANTITY_IN_100KG,2022-02,3774700.92,
ESTAT:DS-045409(1.0),17/12/24 11:00:00,M,HU,EU27_2020_EXTRA,27112100,1,QUANTITY_IN_100KG,2022-03,3835221.40,
ESTAT:DS-045409(1.0),17/12/24 11:00:00,M,HU,EU27_2020_EXTRA,27112100,1,QUANTITY_IN_100KG,2022-04,2994001.10,
ESTAT:DS-045409(1.0),17/12/24 11:00:00,M,HU,EU27_2020_EXTRA,27112100,1,QUANTITY_IN_100KG,2022-05,2743864.17,
ESTAT:DS-045409(1.0),17/12/24 11:00:00,M,HU,EU27_2020_EXTRA,27112100,1,QUANTITY_IN_100KG,2022-06,5619325.52,
ESTAT:DS-045409(1.0),17/12/24 11:00:00,M,HU,EU27_2020_EXTRA,27112100,1,QUANTITY_IN_100KG,2022-07,2938539.00,
ESTAT:DS-045409(1.0),17/12/24 11:00:00,M,HU,EU27_2020_EXTRA,27112100,1,QUANTITY_IN_100KG,2022-08,4041166.46,
ESTAT:DS-045409(1.0),17/12/24 11:00:00,M,HU,EU27_2020_EXTRA,27112100,1,QUANTITY_IN_100KG,2022-09,4512481.02,
ESTAT:DS-045409(1.0),17/12/24 11:00:00,M,HU,EU27_2020_EXTRA,27112100,1,QUANTITY_IN_100KG,2022-10,4182934.88,
ESTAT:DS-045409(1.0),17/12/24 11:00:00,M,HU,EU27_2020_EXTRA,27112100,1,QUANTITY_IN_100KG,2022-11,4226446.05,
ESTAT:DS-045409(1.0),17/12/24 11:00:00,M,HU,EU27_2020_EXTRA,27112100,1,QUANTITY_IN_100KG,2022-12,2572036.42,
ESTAT:DS-045409(1.0),17/12/24 11:00:00,M,HU,EU27_2020_EXTRA,27112100,1,QUANTITY_IN_100KG,2023-01,3324990.42,
ESTAT:DS-045409(1.0),17/12/24 11:00:00,M,HU,EU27_2020_EXTRA,27112100,1,QUANTITY_IN_100KG,2023-02,2857442.15,
ESTAT:DS-045409(1.0),17/12/24 11:00:00,M,HU,EU27_2020_EXTRA,27112100,1,QUANTITY_IN_100KG,2023-03,2717495.29,
ESTAT:DS-045409(1.0),17/12/24 11:00:00,M,HU,EU27_2020_EXTRA,27112100,1,QUANTITY_IN_100KG,2023-04,2788515.22,
ESTAT:DS-045409(1.0),17/12/24 11:00:00,M,HU,EU27_2020_EXTRA,27112100,1,QUANTITY_IN_100KG,2023-05,3213993.51,
ESTAT:DS-045409(1.0),17/12/24 11:00:00,M,HU,EU27_2020_EXTRA,27112100,1,QUANTITY_IN_100KG,2023-06,3250502.29,
ESTAT:DS-045409(1.0),17/12/24 11:00:00,M,HU,EU27_2020_EXTRA,27112100,1,QUANTITY_IN_100KG,2023-07,3137494.87,
ESTAT:DS-045409(1.0),17/12/24 11:00:00,M,HU,EU27_2020_EXTRA,27112100,1,QUANTITY_IN_100KG,2023-08,5084313.09,
ESTAT:DS-045409(1.0),17/12/24 11:00:00,M,HU,EU27_2020_EXTRA,27112100,1,QUANTITY_IN_100KG,2023-09,6104608.18,
ESTAT:DS-045409(1.0),17/12/24 11:00:00,M,HU,EU27_2020_EXTRA,27112100,1,QUANTITY_IN_100KG,2023-10,5862856.38,
ESTAT:DS-045409(1.0),17/12/24 11:00:00,M,HU,EU27_2020_EXTRA,27112100,1,QUANTITY_IN_100KG,2023-11,4382450.21,
ESTAT:DS-045409(1.0),17/12/24 11:00:00,M,HU,EU27_2020_EXTRA,27112100,1,QUANTITY_IN_100KG,2023-12,5965630.70,
ESTAT:DS-045409(1.0),17/12/24 11:00:00,M,HU,EU27_2020_EXTRA,27112100,1,QUANTITY_IN_100KG,2024-01,6203514.34,
ESTAT:DS-045409(1.0),17/12/24 11:00:00,M,HU,EU27_2020_EXTRA,27112100,1,QUANTITY_IN_100KG,2024-02,5582348.64,
ESTAT:DS-045409(1.0),17/12/24 11:00:00,M,HU,EU27_2020_EXTRA,27112100,1,QUANTITY_IN_100KG,2024-03,5214137.88,
ESTAT:DS-045409(1.0),17/12/24 11:00:00,M,HU,EU27_2020_EXTRA,27112100,1,QUANTITY_IN_100KG,2024-04,3925470.58,
ESTAT:DS-045409(1.0),17/12/24 11:00:00,M,HU,EU27_2020_EXTRA,27112100,1,QUANTITY_IN_100KG,2024-05,5846531.50,
ESTAT:DS-045409(1.0),17/12/24 11:00:00,M,HU,EU27_2020_EXTRA,27112100,1,QUANTITY_IN_100KG,2024-06,5445043.66,
ESTAT:DS-045409(1.0),17/12/24 11:00:00,M,HU,EU27_2020_EXTRA,27112100,1,QUANTITY_IN_100KG,2024-07,4534065.43,
ESTAT:DS-045409(1.0),17/12/24 11:00:00,M,HU,EU27_2020_EXTRA,27112100,1,QUANTITY_IN_100KG,2024-08,5708495.19,
ESTAT:DS-045409(1.0),17/12/24 11:00:00,M,HU,EU27_2020_EXTRA,27112100,1,QUANTITY_IN_100KG,2024-09,5736059.56,
ESTAT:DS-045409(1.0),17/12/24 11:00:00,M,HU,EU27_2020_EXTRA,27112100,1,QUANTITY_IN_100KG,2024-10,5543811.49,
ESTAT:DS-045409(1.0),17/12/24 11:00:00,M,HU,RU,27112100,1,QUANTITY_IN_100KG,1999-01,5637087.31,
ESTAT:DS-045409(1.0),17/12/24 11:00:00,M,HU,RU,27112100,1,QUANTITY_IN_100KG,1999-02,5935235.57,
ESTAT:DS-045409(1.0),17/12/24 11:00:00,M,HU,RU,27112100,1,QUANTITY_IN_100KG,1999-03,5581861.62,
ESTAT:DS-045409(1.0),17/12/24 11:00:00,M,HU,RU,27112100,1,QUANTITY_IN_100KG,1999-04,5572103.52,
ESTAT:DS-045409(1.0),17/12/24 11:00:00,M,HU,RU,27112100,1,QUANTITY_IN_100KG,1999-05,6541673.86,
ESTAT:DS-045409(1.0),17/12/24 11:00:00,M,HU,RU,27112100,1,QUANTITY_IN_100KG,1999-06,7047938.91,
ESTAT:DS-045409(1.0),17/12/24 11:00:00,M,HU,RU,27112100,1,QUANTITY_IN_100KG,1999-07,5862388.74,
ESTAT:DS-045409(1.0),17/12/24 11:00:00,M,HU,RU,27112100,1,QUANTITY_IN_100KG,1999-08,6098438.13,
ESTAT:DS-045409(1.0),17/12/24 11:00:00,M,HU,RU,27112100,1,QUANTITY_IN_100KG,1999-09,6148805.06,
ESTAT:DS-045409(1.0),17/12/24 11:00:00,M,HU,RU,27112100,1,QUANTITY_IN_100KG,1999-10,5082124.57,
ESTAT:DS-045409(1.0),17/12/24 11:00:00,M,HU,RU,27112100,1,QUANTITY_IN_100KG,1999-11,4644486.59,
ESTAT:DS-045409(1.0),17/12/24 11:00:00,M,HU,RU,27112100,1,QUANTITY_IN_100KG,1999-12,3687758.65,
ESTAT:DS-045409(1.0),17/12/24 11:00:00,M,HU,RU,27112100,1,QUANTITY_IN_100KG,2000-01,4209353.70,
ESTAT:DS-045409(1.0),17/12/24 11:00:00,M,HU,RU,27112100,1,QUANTITY_IN_100KG,2000-02,4134547.92,
ESTAT:DS-045409(1.0),17/12/24 11:00:00,M,HU,RU,27112100,1,QUANTITY_IN_100KG,2000-03,3832756.72,
ESTAT:DS-045409(1.0),17/12/24 11:00:00,M,HU,RU,27112100,1,QUANTITY_IN_100KG,2000-04,3993628.54,
ESTAT:DS-045409(1.0),17/12/24 11:00:00,M,HU,RU,27112100,1,QUANTITY_IN_100KG,2000-05,4554519.35,
ESTAT:DS-045409(1.0),17/12/24 11:00:00,M,HU,RU,27112100,1,QUANTITY_IN_100KG,2000-06,4653664.30,
ESTAT:DS-045409(1.0),17/12/24 11:00:00,M,HU,RU,27112100,1,QUANTITY_IN_100KG,2000-07,4431488.91,
ESTAT:DS-045409(1.0),17/12/24 11:00:00,M,HU,RU,27112100,1,QUANTITY_IN_100KG,2000-08,4807491.54,
ESTAT:DS-045409(1.0),17/12/24 11:00:00,M,HU,RU,27112100,1,QUANTITY_IN_100KG,2000-09,4371970.35,
ESTAT:DS-045409(1.0),17/12/24 11:00:00,M,HU,RU,27112100,1,QUANTITY_IN_100KG,2000-10,5548927.47,
ESTAT:DS-045409(1.0),17/12/24 11:00:00,M,HU,RU,27112100,1,QUANTITY_IN_100KG,2000-11,3154084.82,
ESTAT:DS-045409(1.0),17/12/24 11:00:00,M,HU,RU,27112100,1,QUANTITY_IN_100KG,2000-12,4216589.39,
ESTAT:DS-045409(1.0),17/12/24 11:00:00,M,HU,RU,27112100,1,QUANTITY_IN_100KG,2001-01,4961141.94,
ESTAT:DS-045409(1.0),17/12/24 11:00:00,M,HU,RU,27112100,1,QUANTITY_IN_100KG,2001-02,4596114.75,
ESTAT:DS-045409(1.0),17/12/24 11:00:00,M,HU,RU,27112100,1,QUANTITY_IN_100KG,2001-03,4159903.55,
ESTAT:DS-045409(1.0),17/12/24 11:00:00,M,HU,RU,27112100,1,QUANTITY_IN_100KG,2001-04,4503255.95,
ESTAT:DS-045409(1.0),17/12/24 11:00:00,M,HU,RU,27112100,1,QUANTITY_IN_100KG,2001-05,4517480.37,
ESTAT:DS-045409(1.0),17/12/24 11:00:00,M,HU,RU,27112100,1,QUANTITY_IN_100KG,2001-06,4702654.38,
ESTAT:DS-045409(1.0),17/12/24 11:00:00,M,HU,RU,27112100,1,QUANTITY_IN_100KG,2001-07,4382959.64,
ESTAT:DS-045409(1.0),17/12/24 11:00:00,M,HU,RU,27112100,1,QUANTITY_IN_100KG,2001-08,5004175.77,
ESTAT:DS-045409(1.0),17/12/24 11:00:00,M,HU,RU,27112100,1,QUANTITY_IN_100KG,2001-09,4993451.52,
ESTAT:DS-045409(1.0),17/12/24 11:00:00,M,HU,RU,27112100,1,QUANTITY_IN_100KG,2001-10,4639246.03,
ESTAT:DS-045409(1.0),17/12/24 11:00:00,M,HU,RU,27112100,1,QUANTITY_IN_100KG,2001-11,3826852.09,
ESTAT:DS-045409(1.0),17/12/24 11:00:00,M,HU,RU,27112100,1,QUANTITY_IN_100KG,2001-12,4653123.90,
ESTAT:DS-045409(1.0),17/12/24 11:00:00,M,HU,RU,27112100,1,QUANTITY_IN_100KG,2002-01,4988116.54,
ESTAT:DS-045409(1.0),17/12/24 11:00:00,M,HU,RU,27112100,1,QUANTITY_IN_100KG,2002-02,5750320.20,
ESTAT:DS-045409(1.0),17/12/24 11:00:00,M,HU,RU,27112100,1,QUANTITY_IN_100KG,2002-03,4551478.18,
ESTAT:DS-045409(1.0),17/12/24 11:00:00,M,HU,RU,27112100,1,QUANTITY_IN_100KG,2002-04,4013300.53,
ESTAT:DS-045409(1.0),17/12/24 11:00:00,M,HU,RU,27112100,1,QUANTITY_IN_100KG,2002-05,5156619.55,
ESTAT:DS-045409(1.0),17/12/24 11:00:00,M,HU,RU,27112100,1,QUANTITY_IN_100KG,2002-06,5640649.21,
ESTAT:DS-045409(1.0),17/12/24 11:00:00,M,HU,RU,27112100,1,QUANTITY_IN_100KG,2002-07,5315162.66,
ESTAT:DS-045409(1.0),17/12/24 11:00:00,M,HU,RU,27112100,1,QUANTITY_IN_100KG,2002-08,5476488.97,
ESTAT:DS-045409(1.0),17/12/24 11:00:00,M,HU,RU,27112100,1,QUANTITY_IN_100KG,2002-09,5591502.89,
ESTAT:DS-045409(1.0),17/12/24 11:00:00,M,HU,RU,27112100,1,QUANTITY_IN_100KG,2002-10,5859788.60,
ESTAT:DS-045409(1.0),17/12/24 11:00:00,M,HU,RU,27112100,1,QUANTITY_IN_100KG,2002-11,4988503.60,
ESTAT:DS-045409(1.0),17/12/24 11:00:00,M,HU,RU,27112100,1,QUANTITY_IN_100KG,2002-12,4137728.09,
ESTAT:DS-045409(1.0),17/12/24 11:00:00,M,HU,RU,27112100,1,QUANTITY_IN_100KG,2003-01,5375572.33,
ESTAT:DS-045409(1.0),17/12/24 11:00:00,M,HU,RU,27112100,1,QUANTITY_IN_100KG,2003-02,5774638.40,
ESTAT:DS-045409(1.0),17/12/24 11:00:00,M,HU,RU,27112100,1,QUANTITY_IN_100KG,2003-03,5875445.12,
ESTAT:DS-045409(1.0),17/12/24 11:00:00,M,HU,RU,27112100,1,QUANTITY_IN_100KG,2003-04,6132295.08,
ESTAT:DS-045409(1.0),17/12/24 11:00:00,M,HU,RU,27112100,1,QUANTITY_IN_100KG,2003-05,6048907.03,
ESTAT:DS-045409(1.0),17/12/24 11:00:00,M,HU,RU,27112100,1,QUANTITY_IN_100KG,2003-06,6838842.26,
ESTAT:DS-045409(1.0),17/12/24 11:00:00,M,HU,RU,27112100,1,QUANTITY_IN_100KG,2003-07,6305597.04,
ESTAT:DS-045409(1.0),17/12/24 11:00:00,M,HU,RU,27112100,1,QUANTITY_IN_100KG,2003-08,6531391.17,
ESTAT:DS-045409(1.0),17/12/24 11:00:00,M,HU,RU,27112100,1,QUANTITY_IN_100KG,2003-09,6587981.49,
ESTAT:DS-045409(1.0),17/12/24 11:00:00,M,HU,RU,27112100,1,QUANTITY_IN_100KG,2003-10,5459991.47,
ESTAT:DS-045409(1.0),17/12/24 11:00:00,M,HU,RU,27112100,1,QUANTITY_IN_100KG,2003-11,5604981.77,
ESTAT:DS-045409(1.0),17/12/24 11:00:00,M,HU,RU,27112100,1,QUANTITY_IN_100KG,2003-12,4327994.74,
ESTAT:DS-045409(1.0),17/12/24 11:00:00,M,HU,RU,27112100,1,QUANTITY_IN_100KG,2004-01,5062490.15,
ESTAT:DS-045409(1.0),17/12/24 11:00:00,M,HU,RU,27112100,1,QUANTITY_IN_100KG,2004-02,5379597.16,
ESTAT:DS-045409(1.0),17/12/24 11:00:00,M,HU,RU,27112100,1,QUANTITY_IN_100KG,2004-03,4568064.38,
ESTAT:DS-045409(1.0),17/12/24 11:00:00,M,HU,RU,27112100,1,QUANTITY_IN_100KG,2004-04,5104721.00,
ESTAT:DS-045409(1.0),17/12/24 11:00:00,M,HU,RU,27112100,1,QUANTITY_IN_100KG,2004-05,4103938.00,
ESTAT:DS-045409(1.0),17/12/24 11:00:00,M,HU,RU,27112100,1,QUANTITY_IN_100KG,2004-06,7332856.00,
ESTAT:DS-045409(1.0),17/12/24 11:00:00,M,HU,RU,27112100,1,QUANTITY_IN_100KG,2004-07,6051953.00,
ESTAT:DS-045409(1.0),17/12/24 11:00:00,M,HU,RU,27112100,1,QUANTITY_IN_100KG,2004-08,5675352.00,
ESTAT:DS-045409(1.0),17/12/24 11:00:00,M,HU,RU,27112100,1,QUANTITY_IN_100KG,2004-09,5737971.00,
ESTAT:DS-045409(1.0),17/12/24 11:00:00,M,HU,RU,27112100,1,QUANTITY_IN_100KG,2004-10,4867024.00,
ESTAT:DS-045409(1.0),17/12/24 11:00:00,M,HU,RU,27112100,1,QUANTITY_IN_100KG,2004-11,4087839.00,
ESTAT:DS-045409(1.0),17/12/24 11:00:00,M,HU,RU,27112100,1,QUANTITY_IN_100KG,2004-12,5015096.00,
ESTAT:DS-045409(1.0),17/12/24 11:00:00,M,HU,RU,27112100,1,QUANTITY_IN_100KG,2005-01,5750464.00,
ESTAT:DS-045409(1.0),17/12/24 11:00:00,M,HU,RU,27112100,1,QUANTITY_IN_100KG,2005-02,5532965.00,
ESTAT:DS-045409(1.0),17/12/24 11:00:00,M,HU,RU,27112100,1,QUANTITY_IN_100KG,2005-03,5217853.00,
ESTAT:DS-045409(1.0),17/12/24 11:00:00,M,HU,RU,27112100,1,QUANTITY_IN_100KG,2005-04,4804817.00,
ESTAT:DS-045409(1.0),17/12/24 11:00:00,M,HU,RU,27112100,1,QUANTITY_IN_100KG,2005-05,4191837.00,
ESTAT:DS-045409(1.0),17/12/24 11:00:00,M,HU,RU,27112100,1,QUANTITY_IN_100KG,2005-06,6086391.00,
ESTAT:DS-045409(1.0),17/12/24 11:00:00,M,HU,RU,27112100,1,QUANTITY_IN_100KG,2005-07,5745361.00,
ESTAT:DS-045409(1.0),17/12/24 11:00:00,M,HU,RU,27112100,1,QUANTITY_IN_100KG,2005-08,5151944.00,
ESTAT:DS-045409(1.0),17/12/24 11:00:00,M,HU,RU,27112100,1,QUANTITY_IN_100KG,2005-09,5203497.00,
ESTAT:DS-045409(1.0),17/12/24 11:00:00,M,HU,RU,27112100,1,QUANTITY_IN_100KG,2005-10,4512900.00,
ESTAT:DS-045409(1.0),17/12/24 11:00:00,M,HU,RU,27112100,1,QUANTITY_IN_100KG,2005-11,4172625.00,
ESTAT:DS-045409(1.0),17/12/24 11:00:00,M,HU,RU,27112100,1,QUANTITY_IN_100KG,2005-12,5237305.00,
ESTAT:DS-045409(1.0),17/12/24 11:00:00,M,HU,RU,27112100,1,QUANTITY_IN_100KG,2006-01,5600286.00,
ESTAT:DS-045409(1.0),17/12/24 11:00:00,M,HU,RU,27112100,1,QUANTITY_IN_100KG,2006-02,5335311.00,
ESTAT:DS-045409(1.0),17/12/24 11:00:00,M,HU,RU,27112100,1,QUANTITY_IN_100KG,2006-03,5000863.00,
ESTAT:DS-045409(1.0),17/12/24 11:00:00,M,HU,RU,27112100,1,QUANTITY_IN_100KG,2006-04,5127663.00,
ESTAT:DS-045409(1.0),17/12/24 11:00:00,M,HU,RU,27112100,1,QUANTITY_IN_100KG,2006-05,4167917.00,
ESTAT:DS-045409(1.0),17/12/24 11:00:00,M,HU,RU,27112100,1,QUANTITY_IN_100KG,2006-06,6288763.00,
ESTAT:DS-045409(1.0),17/12/24 11:00:00,M,HU,RU,27112100,1,QUANTITY_IN_100KG,2006-07,6298006.00,
ESTAT:DS-045409(1.0),17/12/24 11:00:00,M,HU,RU,27112100,1,QUANTITY_IN_100KG,2006-08,6536739.00,
ESTAT:DS-045409(1.0),17/12/24 11:00:00,M,HU,RU,27112100,1,QUANTITY_IN_100KG,2006-09,5865583.00,
ESTAT:DS-045409(1.0),17/12/24 11:00:00,M,HU,RU,27112100,1,QUANTITY_IN_100KG,2006-10,5532605.00,
ESTAT:DS-045409(1.0),17/12/24 11:00:00,M,HU,RU,27112100,1,QUANTITY_IN_100KG,2006-11,4140076.00,
ESTAT:DS-045409(1.0),17/12/24 11:00:00,M,HU,RU,27112100,1,QUANTITY_IN_100KG,2006-12,4087326.00,
ESTAT:DS-045409(1.0),17/12/24 11:00:00,M,HU,RU,27112100,1,QUANTITY_IN_100KG,2007-01,6393533.00,
ESTAT:DS-045409(1.0),17/12/24 11:00:00,M,HU,RU,27112100,1,QUANTITY_IN_100KG,2007-02,6480066.00,
ESTAT:DS-045409(1.0),17/12/24 11:00:00,M,HU,RU,27112100,1,QUANTITY_IN_100KG,2007-03,4983693.00,
ESTAT:DS-045409(1.0),17/12/24 11:00:00,M,HU,RU,27112100,1,QUANTITY_IN_100KG,2007-04,4289688.00,
ESTAT:DS-045409(1.0),17/12/24 11:00:00,M,HU,RU,27112100,1,QUANTITY_IN_100KG,2007-05,5152356.00,
ESTAT:DS-045409(1.0),17/12/24 11:00:00,M,HU,RU,27112100,1,QUANTITY_IN_100KG,2007-06,3964378.00,
ESTAT:DS-045409(1.0),17/12/24 11:00:00,M,HU,RU,27112100,1,QUANTITY_IN_100KG,2007-07,3679304.00,
ESTAT:DS-045409(1.0),17/12/24 11:00:00,M,HU,RU,27112100,1,QUANTITY_IN_100KG,2007-08,3894273.00,
ESTAT:DS-045409(1.0),17/12/24 11:00:00,M,HU,RU,27112100,1,QUANTITY_IN_100KG,2007-09,2626504.00,
ESTAT:DS-045409(1.0),17/12/24 11:00:00,M,HU,RU,27112100,1,QUANTITY_IN_100KG,2007-10,4026971.00,
ESTAT:DS-045409(1.0),17/12/24 11:00:00,M,HU,RU,27112100,1,QUANTITY_IN_100KG,2007-11,4381733.00,
ESTAT:DS-045409(1.0),17/12/24 11:00:00,M,HU,RU,27112100,1,QUANTITY_IN_100KG,2007-12,5200723.00,
ESTAT:DS-045409(1.0),17/12/24 11:00:00,M,HU,RU,27112100,1,QUANTITY_IN_100KG,2008-01,6061888.00,
ESTAT:DS-045409(1.0),17/12/24 11:00:00,M,HU,RU,27112100,1,QUANTITY_IN_100KG,2008-02,5361500.00,
ESTAT:DS-045409(1.0),17/12/24 11:00:00,M,HU,RU,27112100,1,QUANTITY_IN_100KG,2008-03,5223877.00,
ESTAT:DS-045409(1.0),17/12/24 11:00:00,M,HU,RU,27112100,1,QUANTITY_IN_100KG,2008-04,5592172.00,
ESTAT:DS-045409(1.0),17/12/24 11:00:00,M,HU,RU,27112100,1,QUANTITY_IN_100KG,2008-05,4510734.00,
ESTAT:DS-045409(1.0),17/12/24 11:00:00,M,HU,RU,27112100,1,QUANTITY_IN_100KG,2008-06,6148972.00,
ESTAT:DS-045409(1.0),17/12/24 11:00:00,M,HU,RU,27112100,1,QUANTITY_IN_100KG,2008-07,5950469.00,
ESTAT:DS-045409(1.0),17/12/24 11:00:00,M,HU,RU,27112100,1,QUANTITY_IN_100KG,2008-08,3537141.00,
ESTAT:DS-045409(1.0),17/12/24 11:00:00,M,HU,RU,27112100,1,QUANTITY_IN_100KG,2008-09,4305751.00,
ESTAT:DS-045409(1.0),17/12/24 11:00:00,M,HU,RU,27112100,1,QUANTITY_IN_100KG,2008-10,4505903.00,
ESTAT:DS-045409(1.0),17/12/24 11:00:00,M,HU,RU,27112100,1,QUANTITY_IN_100KG,2008-11,4556656.00,
ESTAT:DS-045409(1.0),17/12/24 11:00:00,M,HU,RU,27112100,1,QUANTITY_IN_100KG,2008-12,5381309.00,
ESTAT:DS-045409(1.0),17/12/24 11:00:00,M,HU,RU,27112100,1,QUANTITY_IN_100KG,2009-01,6334347.00,
ESTAT:DS-045409(1.0),17/12/24 11:00:00,M,HU,RU,27112100,1,QUANTITY_IN_100KG,2009-02,2532187.00,
ESTAT:DS-045409(1.0),17/12/24 11:00:00,M,HU,RU,27112100,1,QUANTITY_IN_100KG,2009-03,2425985.00,
ESTAT:DS-045409(1.0),17/12/24 11:00:00,M,HU,RU,27112100,1,QUANTITY_IN_100KG,2009-04,1288672.00,
ESTAT:DS-045409(1.0),17/12/24 11:00:00,M,HU,RU,27112100,1,QUANTITY_IN_100KG,2009-05,954819.00,
ESTAT:DS-045409(1.0),17/12/24 11:00:00,M,HU,RU,27112100,1,QUANTITY_IN_100KG,2009-06,1976680.00,
ESTAT:DS-045409(1.0),17/12/24 11:00:00,M,HU,RU,27112100,1,QUANTITY_IN_100KG,2009-07,3285523.00,
ESTAT:DS-045409(1.0),17/12/24 11:00:00,M,HU,RU,27112100,1,QUANTITY_IN_100KG,2009-08,4905400.00,
ESTAT:DS-045409(1.0),17/12/24 11:00:00,M,HU,RU,27112100,1,QUANTITY_IN_100KG,2009-09,5180019.00,
ESTAT:DS-045409(1.0),17/12/24 11:00:00,M,HU,RU,27112100,1,QUANTITY_IN_100KG,2009-10,5278622.00,
ESTAT:DS-045409(1.0),17/12/24 11:00:00,M,HU,RU,27112100,1,QUANTITY_IN_100KG,2009-11,7235036.00,
ESTAT:DS-045409(1.0),17/12/24 11:00:00,M,HU,RU,27112100,1,QUANTITY_IN_100KG,2009-12,7865287.00,
ESTAT:DS-045409(1.0),17/12/24 11:00:00,M,HU,RU,27112100,1,QUANTITY_IN_100KG,2010-01,7471535.10,
ESTAT:DS-045409(1.0),17/12/24 11:00:00,M,HU,RU,27112100,1,QUANTITY_IN_100KG,2010-02,5735526.27,
ESTAT:DS-045409(1.0),17/12/24 11:00:00,M,HU,RU,27112100,1,QUANTITY_IN_100KG,2010-03,5133584.01,
ESTAT:DS-045409(1.0),17/12/24 11:00:00,M,HU,RU,27112100,1,QUANTITY_IN_100KG,2010-04,4147427.79,
ESTAT:DS-045409(1.0),17/12/24 11:00:00,M,HU,RU,27112100,1,QUANTITY_IN_100KG,2010-05,3977018.92,
ESTAT:DS-045409(1.0),17/12/24 11:00:00,M,HU,RU,27112100,1,QUANTITY_IN_100KG,2010-06,3371169.43,
ESTAT:DS-045409(1.0),17/12/24 11:00:00,M,HU,RU,27112100,1,QUANTITY_IN_100KG,2010-07,2616201.48,
ESTAT:DS-045409(1.0),17/12/24 11:00:00,M,HU,RU,27112100,1,QUANTITY_IN_100KG,2010-08,2537244.07,
ESTAT:DS-045409(1.0),17/12/24 11:00:00,M,HU,RU,27112100,1,QUANTITY_IN_100KG,2010-09,3179600.54,
ESTAT:DS-045409(1.0),17/12/24 11:00:00,M,HU,RU,27112100,1,QUANTITY_IN_100KG,2010-10,4267762.14,
ESTAT:DS-045409(1.0),17/12/24 11:00:00,M,HU,RU,27112100,1,QUANTITY_IN_100KG,2010-11,3486045.82,
ESTAT:DS-045409(1.0),17/12/24 11:00:00,M,HU,RU,27112100,1,QUANTITY_IN_100KG,2010-12,4297999.17,
ESTAT:DS-045409(1.0),17/12/24 11:00:00,M,HU,RU,27112100,1,QUANTITY_IN_100KG,2011-01,5692384.10,
ESTAT:DS-045409(1.0),17/12/24 11:00:00,M,HU,RU,27112100,1,QUANTITY_IN_100KG,2011-02,2157981.44,
ESTAT:DS-045409(1.0),17/12/24 11:00:00,M,HU,RU,27112100,1,QUANTITY_IN_100KG,2011-03,3006495.67,
ESTAT:DS-045409(1.0),17/12/24 11:00:00,M,HU,RU,27112100,1,QUANTITY_IN_100KG,2011-04,3858822.81,
ESTAT:DS-045409(1.0),17/12/24 11:00:00,M,HU,RU,27112100,1,QUANTITY_IN_100KG,2011-05,3966723.39,
ESTAT:DS-045409(1.0),17/12/24 11:00:00,M,HU,RU,27112100,1,QUANTITY_IN_100KG,2011-06,4228125.33,
ESTAT:DS-045409(1.0),17/12/24 11:00:00,M,HU,RU,27112100,1,QUANTITY_IN_100KG,2011-07,3632999.61,
ESTAT:DS-045409(1.0),17/12/24 11:00:00,M,HU,RU,27112100,1,QUANTITY_IN_100KG,2011-08,3227871.15,
ESTAT:DS-045409(1.0),17/12/24 11:00:00,M,HU,RU,27112100,1,QUANTITY_IN_100KG,2011-09,3708865.77,
ESTAT:DS-045409(1.0),17/12/24 11:00:00,M,HU,RU,27112100,1,QUANTITY_IN_100KG,2011-10,4256242.85,
ESTAT:DS-045409(1.0),17/12/24 11:00:00,M,HU,RU,27112100,1,QUANTITY_IN_100KG,2011-11,3448432.77,
ESTAT:DS-045409(1.0),17/12/24 11:00:00,M,HU,RU,27112100,1,QUANTITY_IN_100KG,2011-12,3636818.95,
ESTAT:DS-045409(1.0),17/12/24 11:00:00,M,HU,RU,27112100,1,QUANTITY_IN_100KG,2012-01,4637477.25,
ESTAT:DS-045409(1.0),17/12/24 11:00:00,M,HU,RU,27112100,1,QUANTITY_IN_100KG,2012-02,2904935.34,
ESTAT:DS-045409(1.0),17/12/24 11:00:00,M,HU,RU,27112100,1,QUANTITY_IN_100KG,2012-03,3359684.77,
ESTAT:DS-045409(1.0),17/12/24 11:00:00,M,HU,RU,27112100,1,QUANTITY_IN_100KG,2012-04,2694905.40,
ESTAT:DS-045409(1.0),17/12/24 11:00:00,M,HU,RU,27112100,1,QUANTITY_IN_100KG,2012-05,3532365.08,
ESTAT:DS-045409(1.0),17/12/24 11:00:00,M,HU,RU,27112100,1,QUANTITY_IN_100KG,2012-06,3066803.16,
ESTAT:DS-045409(1.0),17/12/24 11:00:00,M,HU,RU,27112100,1,QUANTITY_IN_100KG,2012-07,3352982.14,
ESTAT:DS-045409(1.0),17/12/24 11:00:00,M,HU,RU,27112100,1,QUANTITY_IN_100KG,2012-08,2611681.80,
ESTAT:DS-045409(1.0),17/12/24 11:00:00,M,HU,RU,27112100,1,QUANTITY_IN_100KG,2012-09,2257732.28,
ESTAT:DS-045409(1.0),17/12/24 11:00:00,M,HU,RU,27112100,1,QUANTITY_IN_100KG,2012-10,2681483.57,
ESTAT:DS-045409(1.0),17/12/24 11:00:00,M,HU,RU,27112100,1,QUANTITY_IN_100KG,2012-11,2592899.07,
ESTAT:DS-045409(1.0),17/12/24 11:00:00,M,HU,RU,27112100,1,QUANTITY_IN_100KG,2012-12,3724008.15,
ESTAT:DS-045409(1.0),17/12/24 11:00:00,M,HU,RU,27112100,1,QUANTITY_IN_100KG,2013-01,4629538.94,
ESTAT:DS-045409(1.0),17/12/24 11:00:00,M,HU,RU,27112100,1,QUANTITY_IN_100KG,2013-02,3643311.05,
ESTAT:DS-045409(1.0),17/12/24 11:00:00,M,HU,RU,27112100,1,QUANTITY_IN_100KG,2013-03,3373959.65,
ESTAT:DS-045409(1.0),17/12/24 11:00:00,M,HU,RU,27112100,1,QUANTITY_IN_100KG,2013-04,3181679.70,
ESTAT:DS-045409(1.0),17/12/24 11:00:00,M,HU,RU,27112100,1,QUANTITY_IN_100KG,2013-05,3534026.55,
ESTAT:DS-045409(1.0),17/12/24 11:00:00,M,HU,RU,27112100,1,QUANTITY_IN_100KG,2013-06,3744882.87,
ESTAT:DS-045409(1.0),17/12/24 11:00:00,M,HU,RU,27112100,1,QUANTITY_IN_100KG,2013-07,3555282.91,
ESTAT:DS-045409(1.0),17/12/24 11:00:00,M,HU,RU,27112100,1,QUANTITY_IN_100KG,2013-08,3278849.48,
ESTAT:DS-045409(1.0),17/12/24 11:00:00,M,HU,RU,27112100,1,QUANTITY_IN_100KG,2013-09,2225943.16,
ESTAT:DS-045409(1.0),17/12/24 11:00:00,M,HU,RU,27112100,1,QUANTITY_IN_100KG,2013-10,4433450.92,
ESTAT:DS-045409(1.0),17/12/24 11:00:00,M,HU,RU,27112100,1,QUANTITY_IN_100KG,2013-11,3746392.88,
ESTAT:DS-045409(1.0),17/12/24 11:00:00,M,HU,RU,27112100,1,QUANTITY_IN_100KG,2013-12,3648407.71,
ESTAT:DS-045409(1.0),17/12/24 11:00:00,M,HU,RU,27112100,1,QUANTITY_IN_100KG,2014-01,3396735.29,
ESTAT:DS-045409(1.0),17/12/24 11:00:00,M,HU,RU,27112100,1,QUANTITY_IN_100KG,2014-02,3339754.81,
ESTAT:DS-045409(1.0),17/12/24 11:00:00,M,HU,RU,27112100,1,QUANTITY_IN_100KG,2014-03,3391699.59,
ESTAT:DS-045409(1.0),17/12/24 11:00:00,M,HU,RU,27112100,1,QUANTITY_IN_100KG,2014-04,3201992.47,
ESTAT:DS-045409(1.0),17/12/24 11:00:00,M,HU,RU,27112100,1,QUANTITY_IN_100KG,2014-05,3860514.64,
ESTAT:DS-045409(1.0),17/12/24 11:00:00,M,HU,RU,27112100,1,QUANTITY_IN_100KG,2014-06,3701468.48,
ESTAT:DS-045409(1.0),17/12/24 11:00:00,M,HU,RU,27112100,1,QUANTITY_IN_100KG,2014-07,3732474.01,
ESTAT:DS-045409(1.0),17/12/24 11:00:00,M,HU,RU,27112100,1,QUANTITY_IN_100KG,2014-08,3738687.68,
ESTAT:DS-045409(1.0),17/12/24 11:00:00,M,HU,RU,27112100,1,QUANTITY_IN_100KG,2014-09,3580117.97,
ESTAT:DS-045409(1.0),17/12/24 11:00:00,M,HU,RU,27112100,1,QUANTITY_IN_100KG,2014-10,2928138.29,
ESTAT:DS-045409(1.0),17/12/24 11:00:00,M,HU,RU,27112100,1,QUANTITY_IN_100KG,2014-11,2592949.45,
ESTAT:DS-045409(1.0),17/12/24 11:00:00,M,HU,RU,27112100,1,QUANTITY_IN_100KG,2014-12,6816675.87,
ESTAT:DS-045409(1.0),17/12/24 11:00:00,M,HU,RU,27112100,1,QUANTITY_IN_100KG,2015-01,2001592.42,
ESTAT:DS-045409(1.0),17/12/24 11:00:00,M,HU,RU,27112100,1,QUANTITY_IN_100KG,2015-02,1903365.19,
ESTAT:DS-045409(1.0),17/12/24 11:00:00,M,HU,RU,27112100,1,QUANTITY_IN_100KG,2015-03,1363662.77,
ESTAT:DS-045409(1.0),17/12/24 11:00:00,M,HU,RU,27112100,1,QUANTITY_IN_100KG,2015-04,1278631.57,
ESTAT:DS-045409(1.0),17/12/24 11:00:00,M,HU,RU,27112100,1,QUANTITY_IN_100KG,2015-05,2758549.53,
ESTAT:DS-045409(1.0),17/12/24 11:00:00,M,HU,RU,27112100,1,QUANTITY_IN_100KG,2015-06,3117431.23,
ESTAT:DS-045409(1.0),17/12/24 11:00:00,M,HU,RU,27112100,1,QUANTITY_IN_100KG,2015-07,3143235.10,
ESTAT:DS-045409(1.0),17/12/24 11:00:00,M,HU,RU,27112100,1,QUANTITY_IN_100KG,2015-08,3762799.68,
ESTAT:DS-045409(1.0),17/12/24 11:00:00,M,HU,RU,27112100,1,QUANTITY_IN_100KG,2015-09,3545536.06,
ESTAT:DS-045409(1.0),17/12/24 11:00:00,M,HU,RU,27112100,1,QUANTITY_IN_100KG,2015-10,2649416.98,
ESTAT:DS-045409(1.0),17/12/24 11:00:00,M,HU,RU,27112100,1,QUANTITY_IN_100KG,2015-11,3924228.02,
ESTAT:DS-045409(1.0),17/12/24 11:00:00,M,HU,RU,27112100,1,QUANTITY_IN_100KG,2015-12,2447959.52,
ESTAT:DS-045409(1.0),17/12/24 11:00:00,M,HU,RU,27112100,1,QUANTITY_IN_100KG,2016-01,2770734.97,
ESTAT:DS-045409(1.0),17/12/24 11:00:00,M,HU,RU,27112100,1,QUANTITY_IN_100KG,2016-02,1693906.91,
ESTAT:DS-045409(1.0),17/12/24 11:00:00,M,HU,RU,27112100,1,QUANTITY_IN_100KG,2016-03,1547125.32,
ESTAT:DS-045409(1.0),17/12/24 11:00:00,M,HU,RU,27112100,1,QUANTITY_IN_100KG,2016-04,1622665.90,
ESTAT:DS-045409(1.0),17/12/24 11:00:00,M,HU,RU,27112100,1,QUANTITY_IN_100KG,2016-05,1593606.67,
ESTAT:DS-045409(1.0),17/12/24 11:00:00,M,HU,RU,27112100,1,QUANTITY_IN_100KG,2016-06,2425562.43,
ESTAT:DS-045409(1.0),17/12/24 11:00:00,M,HU,RU,27112100,1,QUANTITY_IN_100KG,2016-07,2366790.13,
ESTAT:DS-045409(1.0),17/12/24 11:00:00,M,HU,RU,27112100,1,QUANTITY_IN_100KG,2016-08,2657892.56,
ESTAT:DS-045409(1.0),17/12/24 11:00:00,M,HU,RU,27112100,1,QUANTITY_IN_100KG,2016-09,2525910.40,
ESTAT:DS-045409(1.0),17/12/24 11:00:00,M,HU,RU,27112100,1,QUANTITY_IN_100KG,2016-10,2664609.84,
ESTAT:DS-045409(1.0),17/12/24 11:00:00,M,HU,RU,27112100,1,QUANTITY_IN_100KG,2016-11,1904551.26,
ESTAT:DS-045409(1.0),17/12/24 11:00:00,M,HU,RU,27112100,1,QUANTITY_IN_100KG,2016-12,1699035.47,
ESTAT:DS-045409(1.0),17/12/24 11:00:00,M,HU,RU,27112100,1,QUANTITY_IN_100KG,2017-01,1834948.12,
ESTAT:DS-045409(1.0),17/12/24 11:00:00,M,HU,RU,27112100,1,QUANTITY_IN_100KG,2017-02,2103079.92,
ESTAT:DS-045409(1.0),17/12/24 11:00:00,M,HU,RU,27112100,1,QUANTITY_IN_100KG,2017-03,2347901.00,
ESTAT:DS-045409(1.0),17/12/24 11:00:00,M,HU,RU,27112100,1,QUANTITY_IN_100KG,2017-04,1773597.98,
ESTAT:DS-045409(1.0),17/12/24 11:00:00,M,HU,RU,27112100,1,QUANTITY_IN_100KG,2017-05,3021999.76,
ESTAT:DS-045409(1.0),17/12/24 11:00:00,M,HU,RU,27112100,1,QUANTITY_IN_100KG,2017-06,3138178.56,
ESTAT:DS-045409(1.0),17/12/24 11:00:00,M,HU,RU,27112100,1,QUANTITY_IN_100KG,2017-07,3579951.32,
ESTAT:DS-045409(1.0),17/12/24 11:00:00,M,HU,RU,27112100,1,QUANTITY_IN_100KG,2017-08,5158119.84,
ESTAT:DS-045409(1.0),17/12/24 11:00:00,M,HU,RU,27112100,1,QUANTITY_IN_100KG,2017-09,5374501.72,
ESTAT:DS-045409(1.0),17/12/24 11:00:00,M,HU,RU,27112100,1,QUANTITY_IN_100KG,2017-10,5615587.57,
ESTAT:DS-045409(1.0),17/12/24 11:00:00,M,HU,RU,27112100,1,QUANTITY_IN_100KG,2017-11,4164509.41,
ESTAT:DS-045409(1.0),17/12/24 11:00:00,M,HU,RU,27112100,1,QUANTITY_IN_100KG,2017-12,3813168.70,
ESTAT:DS-045409(1.0),17/12/24 11:00:00,M,HU,RU,27112100,1,QUANTITY_IN_100KG,2018-01,3874534.38,
ESTAT:DS-045409(1.0),17/12/24 11:00:00,M,HU,RU,27112100,1,QUANTITY_IN_100KG,2018-02,3209844.53,
ESTAT:DS-045409(1.0),17/12/24 11:00:00,M,HU,RU,27112100,1,QUANTITY_IN_100KG,2018-03,3209112.78,
ESTAT:DS-045409(1.0),17/12/24 11:00:00,M,HU,RU,27112100,1,QUANTITY_IN_100KG,2018-04,6842597.08,
ESTAT:DS-045409(1.0),17/12/24 11:00:00,M,HU,RU,27112100,1,QUANTITY_IN_100KG,2018-05,5266608.07,
ESTAT:DS-045409(1.0),17/12/24 11:00:00,M,HU,RU,27112100,1,QUANTITY_IN_100KG,2018-06,6273450.92,
ESTAT:DS-045409(1.0),17/12/24 11:00:00,M,HU,RU,27112100,1,QUANTITY_IN_100KG,2018-07,6460908.87,
ESTAT:DS-045409(1.0),17/12/24 11:00:00,M,HU,RU,27112100,1,QUANTITY_IN_100KG,2018-08,5703669.52,
ESTAT:DS-045409(1.0),17/12/24 11:00:00,M,HU,RU,27112100,1,QUANTITY_IN_100KG,2018-09,8770321.68,
ESTAT:DS-045409(1.0),17/12/24 11:00:00,M,HU,RU,27112100,1,QUANTITY_IN_100KG,2018-10,6960493.80,
ESTAT:DS-045409(1.0),17/12/24 11:00:00,M,HU,RU,27112100,1,QUANTITY_IN_100KG,2018-11,4451905.23,
ESTAT:DS-045409(1.0),17/12/24 11:00:00,M,HU,RU,27112100,1,QUANTITY_IN_100KG,2018-12,3692107.38,
ESTAT:DS-045409(1.0),17/12/24 11:00:00,M,HU,RU,27112100,1,QUANTITY_IN_100KG,2019-01,3353366.23,
ESTAT:DS-045409(1.0),17/12/24 11:00:00,M,HU,RU,27112100,1,QUANTITY_IN_100KG,2019-02,3110929.48,
ESTAT:DS-045409(1.0),17/12/24 11:00:00,M,HU,RU,27112100,1,QUANTITY_IN_100KG,2019-03,3540475.97,
ESTAT:DS-045409(1.0),17/12/24 11:00:00,M,HU,RU,27112100,1,QUANTITY_IN_100KG,2019-04,6054549.61,
ESTAT:DS-045409(1.0),17/12/24 11:00:00,M,HU,RU,27112100,1,QUANTITY_IN_100KG,2019-05,8765134.85,
ESTAT:DS-045409(1.0),17/12/24 11:00:00,M,HU,RU,27112100,1,QUANTITY_IN_100KG,2019-06,10084750.15,
ESTAT:DS-045409(1.0),17/12/24 11:00:00,M,HU,RU,27112100,1,QUANTITY_IN_100KG,2019-07,10092740.26,
ESTAT:DS-045409(1.0),17/12/24 11:00:00,M,HU,RU,27112100,1,QUANTITY_IN_100KG,2019-08,8351680.30,
ESTAT:DS-045409(1.0),17/12/24 11:00:00,M,HU,RU,27112100,1,QUANTITY_IN_100KG,2019-09,8719704.35,
ESTAT:DS-045409(1.0),17/12/24 11:00:00,M,HU,RU,27112100,1,QUANTITY_IN_100KG,2019-10,6817262.99,
ESTAT:DS-045409(1.0),17/12/24 11:00:00,M,HU,RU,27112100,1,QUANTITY_IN_100KG,2019-11,3028705.15,
ESTAT:DS-045409(1.0),17/12/24 11:00:00,M,HU,RU,27112100,1,QUANTITY_IN_100KG,2019-12,3137217.97,
ESTAT:DS-045409(1.0),17/12/24 11:00:00,M,HU,RU,27112100,1,QUANTITY_IN_100KG,2020-01,3322212.91,
ESTAT:DS-045409(1.0),17/12/24 11:00:00,M,HU,RU,27112100,1,QUANTITY_IN_100KG,2020-02,1055059.12,
ESTAT:DS-045409(1.0),17/12/24 11:00:00,M,HU,RU,27112100,1,QUANTITY_IN_100KG,2020-03,2174553.28,
ESTAT:DS-045409(1.0),17/12/24 11:00:00,M,HU,RU,27112100,1,QUANTITY_IN_100KG,2020-04,2898202.97,
ESTAT:DS-045409(1.0),17/12/24 11:00:00,M,HU,RU,27112100,1,QUANTITY_IN_100KG,2020-05,4454105.42,
ESTAT:DS-045409(1.0),17/12/24 11:00:00,M,HU,RU,27112100,1,QUANTITY_IN_100KG,2020-06,5235886.15,
ESTAT:DS-045409(1.0),17/12/24 11:00:00,M,HU,RU,27112100,1,QUANTITY_IN_100KG,2020-07,5014591.88,
ESTAT:DS-045409(1.0),17/12/24 11:00:00,M,HU,RU,27112100,1,QUANTITY_IN_100KG,2020-08,5591391.50,
ESTAT:DS-045409(1.0),17/12/24 11:00:00,M,HU,RU,27112100,1,QUANTITY_IN_100KG,2020-09,4920104.96,
ESTAT:DS-045409(1.0),17/12/24 11:00:00,M,HU,RU,27112100,1,QUANTITY_IN_100KG,2020-10,5061502.75,
ESTAT:DS-045409(1.0),17/12/24 11:00:00,M,HU,RU,27112100,1,QUANTITY_IN_100KG,2020-11,6376514.04,
ESTAT:DS-045409(1.0),17/12/24 11:00:00,M,HU,RU,27112100,1,QUANTITY_IN_100KG,2020-12,4737446.34,
ESTAT:DS-045409(1.0),17/12/24 11:00:00,M,HU,RU,27112100,1,QUANTITY_IN_100KG,2021-01,5400609.55,
ESTAT:DS-045409(1.0),17/12/24 11:00:00,M,HU,RU,27112100,1,QUANTITY_IN_100KG,2021-02,5145496.60,
ESTAT:DS-045409(1.0),17/12/24 11:00:00,M,HU,RU,27112100,1,QUANTITY_IN_100KG,2021-03,6068016.73,
ESTAT:DS-045409(1.0),17/12/24 11:00:00,M,HU,RU,27112100,1,QUANTITY_IN_100KG,2021-04,5688074.65,
ESTAT:DS-045409(1.0),17/12/24 11:00:00,M,HU,RU,27112100,1,QUANTITY_IN_100KG,2021-05,5661456.31,
ESTAT:DS-045409(1.0),17/12/24 11:00:00,M,HU,RU,27112100,1,QUANTITY_IN_100KG,2021-06,5415442.91,
ESTAT:DS-045409(1.0),17/12/24 11:00:00,M,HU,RU,27112100,1,QUANTITY_IN_100KG,2021-07,5410959.77,
ESTAT:DS-045409(1.0),17/12/24 11:00:00,M,HU,RU,27112100,1,QUANTITY_IN_100KG,2021-08,5999495.54,
ESTAT:DS-045409(1.0),17/12/24 11:00:00,M,HU,RU,27112100,1,QUANTITY_IN_100KG,2021-09,5373290.30,
ESTAT:DS-045409(1.0),17/12/24 11:00:00,M,HU,RU,27112100,1,QUANTITY_IN_100KG,2021-10,5056081.14,
ESTAT:DS-045409(1.0),17/12/24 11:00:00,M,HU,RU,27112100,1,QUANTITY_IN_100KG,2021-11,1710136.30,
ESTAT:DS-045409(1.0),17/12/24 11:00:00,M,HU,RU,27112100,1,QUANTITY_IN_100KG,2021-12,662464.39,
ESTAT:DS-045409(1.0),17/12/24 11:00:00,M,HU,RU,27112100,1,QUANTITY_IN_100KG,2022-01,1802617.83,
ESTAT:DS-045409(1.0),17/12/24 11:00:00,M,HU,RU,27112100,1,QUANTITY_IN_100KG,2022-02,2914413.90,
ESTAT:DS-045409(1.0),17/12/24 11:00:00,M,HU,RU,27112100,1,QUANTITY_IN_100KG,2022-03,3119436.84,
ESTAT:DS-045409(1.0),17/12/24 11:00:00,M,HU,RU,27112100,1,QUANTITY_IN_100KG,2022-04,2955456.36,
ESTAT:DS-045409(1.0),17/12/24 11:00:00,M,HU,RU,27112100,1,QUANTITY_IN_100KG,2022-05,2712828.01,
ESTAT:DS-045409(1.0),17/12/24 11:00:00,M,HU,RU,27112100,1,QUANTITY_IN_100KG,2022-06,5522617.57,
ESTAT:DS-045409(1.0),17/12/24 11:00:00,M,HU,RU,27112100,1,QUANTITY_IN_100KG,2022-07,2541678.25,
ESTAT:DS-045409(1.0),17/12/24 11:00:00,M,HU,RU,27112100,1,QUANTITY_IN_100KG,2022-08,3842921.73,
ESTAT:DS-045409(1.0),17/12/24 11:00:00,M,HU,RU,27112100,1,QUANTITY_IN_100KG,2022-09,4241115.49,
ESTAT:DS-045409(1.0),17/12/24 11:00:00,M,HU,RU,27112100,1,QUANTITY_IN_100KG,2022-10,4071440.43,
ESTAT:DS-045409(1.0),17/12/24 11:00:00,M,HU,RU,27112100,1,QUANTITY_IN_100KG,2022-11,4172259.37,
ESTAT:DS-045409(1.0),17/12/24 11:00:00,M,HU,RU,27112100,1,QUANTITY_IN_100KG,2022-12,2365877.73,
ESTAT:DS-045409(1.0),17/12/24 11:00:00,M,HU,RU,27112100,1,QUANTITY_IN_100KG,2023-01,3071235.72,
ESTAT:DS-045409(1.0),17/12/24 11:00:00,M,HU,RU,27112100,1,QUANTITY_IN_100KG,2023-02,2776262.35,
ESTAT:DS-045409(1.0),17/12/24 11:00:00,M,HU,RU,27112100,1,QUANTITY_IN_100KG,2023-03,2669818.57,
ESTAT:DS-045409(1.0),17/12/24 11:00:00,M,HU,RU,27112100,1,QUANTITY_IN_100KG,2023-04,2776467.09,
ESTAT:DS-045409(1.0),17/12/24 11:00:00,M,HU,RU,27112100,1,QUANTITY_IN_100KG,2023-05,3175261.12,
ESTAT:DS-045409(1.0),17/12/24 11:00:00,M,HU,RU,27112100,1,QUANTITY_IN_100KG,2023-06,3167304.47,
ESTAT:DS-045409(1.0),17/12/24 11:00:00,M,HU,RU,27112100,1,QUANTITY_IN_100KG,2023-07,3031035.71,
ESTAT:DS-045409(1.0),17/12/24 11:00:00,M,HU,RU,27112100,1,QUANTITY_IN_100KG,2023-08,4805454.04,
ESTAT:DS-045409(1.0),17/12/24 11:00:00,M,HU,RU,27112100,1,QUANTITY_IN_100KG,2023-09,5884580.81,
ESTAT:DS-045409(1.0),17/12/24 11:00:00,M,HU,RU,27112100,1,QUANTITY_IN_100KG,2023-10,5158803.33,
ESTAT:DS-045409(1.0),17/12/24 11:00:00,M,HU,RU,27112100,1,QUANTITY_IN_100KG,2023-11,4308721.97,
ESTAT:DS-045409(1.0),17/12/24 11:00:00,M,HU,RU,27112100,1,QUANTITY_IN_100KG,2023-12,5829207.81,
ESTAT:DS-045409(1.0),17/12/24 11:00:00,M,HU,RU,27112100,1,QUANTITY_IN_100KG,2024-01,5404219.68,
ESTAT:DS-045409(1.0),17/12/24 11:00:00,M,HU,RU,27112100,1,QUANTITY_IN_100KG,2024-02,4350906.37,
ESTAT:DS-045409(1.0),17/12/24 11:00:00,M,HU,RU,27112100,1,QUANTITY_IN_100KG,2024-03,4358283.85,
ESTAT:DS-045409(1.0),17/12/24 11:00:00,M,HU,RU,27112100,1,QUANTITY_IN_100KG,2024-04,3908913.28,
ESTAT:DS-045409(1.0),17/12/24 11:00:00,M,HU,RU,27112100,1,QUANTITY_IN_100KG,2024-05,4031305.34,
ESTAT:DS-045409(1.0),17/12/24 11:00:00,M,HU,RU,27112100,1,QUANTITY_IN_100KG,2024-06,4542187.99,
ESTAT:DS-045409(1.0),17/12/24 11:00:00,M,HU,RU,27112100,1,QUANTITY_IN_100KG,2024-07,3440613.09,
ESTAT:DS-045409(1.0),17/12/24 11:00:00,M,HU,RU,27112100,1,QUANTITY_IN_100KG,2024-08,4243121.89,
ESTAT:DS-045409(1.0),17/12/24 11:00:00,M,HU,RU,27112100,1,QUANTITY_IN_100KG,2024-09,4441657.57,
ESTAT:DS-045409(1.0),17/12/24 11:00:00,M,HU,RU,27112100,1,QUANTITY_IN_100KG,2024-10,4312370.00,
